2026-09-23T21:52:28.214-07:00  INFO 26776 --- [proyecto] [restartedMain] com.banbajio.ProyectoApplication         : Starting ProyectoApplication using Java 21.0.7 with PID 26776 (C:\Users\wero_\OneDrive\Escritorio\PRUEBA\proyecto\target\classes started by wero_ in C:\Users\wero_\OneDrive\Escritorio\PRUEBA\proyecto)
2026-09-23T21:52:28.215-07:00 DEBUG 26776 --- [proyecto] [restartedMain] com.banbajio.ProyectoApplication         : Running with Spring Boot v4.1.1, Spring v7.0.9
2026-09-23T21:52:28.215-07:00  INFO 26776 --- [proyecto] [restartedMain] com.banbajio.ProyectoApplication         : No active profile set, falling back to 1 default profile: "default"
2026-09-23T21:52:28.455-07:00  INFO 26776 --- [proyecto] [restartedMain] .s.d.r.c.RepositoryConfigurationDelegate : Bootstrapping Spring Data JPA repositories in DEFAULT mode.
2026-09-23T21:52:28.475-07:00  INFO 26776 --- [proyecto] [restartedMain] .s.d.r.c.RepositoryConfigurationDelegate : Finished Spring Data repository scanning in 14 ms. Found 0 JPA repository interfaces.
2026-09-23T21:52:28.577-07:00  INFO 26776 --- [proyecto] [restartedMain] o.s.boot.tomcat.TomcatWebServer          : Tomcat initialized with port 8080 (http)
2026-09-23T21:52:28.578-07:00  INFO 26776 --- [proyecto] [restartedMain] o.apache.catalina.core.StandardService   : Starting service [Tomcat]
2026-09-23T21:52:28.578-07:00  INFO 26776 --- [proyecto] [restartedMain] o.apache.catalina.core.StandardEngine    : Starting Servlet engine: [Apache Tomcat/11.0.24]
2026-09-23T21:52:28.622-07:00  INFO 26776 --- [proyecto] [restartedMain] b.w.c.s.WebApplicationContextInitializer : Root WebApplicationContext: initialization completed in 404 ms
2026-09-23T21:52:28.682-07:00  INFO 26776 --- [proyecto] [restartedMain] org.hibernate.orm.jpa                    : HHH008540: Processing PersistenceUnitInfo [name: default]
2026-09-23T21:52:28.753-07:00  INFO 26776 --- [proyecto] [restartedMain] o.s.o.j.p.SpringPersistenceUnitInfo      : No LoadTimeWeaver setup: ignoring JPA class transformer
2026-09-23T21:52:28.755-07:00  INFO 26776 --- [proyecto] [restartedMain] com.zaxxer.hikari.HikariDataSource       : HikariPool-4 - Starting...
2026-09-23T21:52:28.787-07:00  INFO 26776 --- [proyecto] [restartedMain] com.zaxxer.hikari.pool.HikariPool        : HikariPool-4 - Added connection org.postgresql.jdbc.PgConnection@13c2eb40
2026-09-23T21:52:28.787-07:00  INFO 26776 --- [proyecto] [restartedMain] com.zaxxer.hikari.HikariDataSource       : HikariPool-4 - Start completed.
2026-09-23T21:52:28.794-07:00  WARN 26776 --- [proyecto] [restartedMain] org.hibernate.orm.deprecation            : HHH90000025: PostgreSQLDialect does not need to be specified explicitly using 'hibernate.dialect' (remove the property setting and it will be selected by default)
2026-09-23T21:52:28.800-07:00  INFO 26776 --- [proyecto] [restartedMain] org.hibernate.orm.connections.pooling    : HHH10001005: Database info:
	Database JDBC URL [jdbc:postgresql://localhost:5432/postgres]
	Database driver: PostgreSQL JDBC Driver
	Database dialect: PostgreSQLDialect
	Database version: 18.4
	Default catalog/schema: postgres/public
	Autocommit mode: undefined/unknown
	Isolation level: READ_COMMITTED [default READ_COMMITTED]
	JDBC fetch size: none
	Pool: DataSourceConnectionProvider
	Minimum pool size: undefined/unknown
	Maximum pool size: undefined/unknown
2026-09-23T21:52:28.841-07:00  INFO 26776 --- [proyecto] [restartedMain] org.hibernate.orm.core                   : HHH000489: No JTA platform available (set 'hibernate.transaction.jta.platform' to enable JTA platform integration)
2026-09-23T21:52:28.868-07:00  INFO 26776 --- [proyecto] [restartedMain] j.LocalContainerEntityManagerFactoryBean : Initialized JPA EntityManagerFactory for persistence unit 'default'
2026-09-23T21:52:28.927-07:00  WARN 26776 --- [proyecto] [restartedMain] JpaBaseConfiguration$JpaWebConfiguration : spring.jpa.open-in-view is enabled by default. Therefore, database queries may be performed during view rendering. Explicitly configure spring.jpa.open-in-view to disable this warning
2026-09-23T21:52:29.023-07:00  INFO 26776 --- [proyecto] [restartedMain] o.s.boot.tomcat.TomcatWebServer          : Tomcat started on port 8080 (http) with context path '/'
2026-09-23T21:52:29.026-07:00  INFO 26776 --- [proyecto] [restartedMain] com.banbajio.ProyectoApplication         : Started ProyectoApplication in 0.884 seconds (process running for 1974.511)
2026-09-23T21:52:29.028-07:00  INFO 26776 --- [proyecto] [restartedMain] .ConditionEvaluationDeltaLoggingListener : Condition evaluation unchanged
2026-09-23T21:52:30.461-07:00  INFO 26776 --- [proyecto] [File Watcher] rtingClassPathChangeChangedEventListener : Restarting due to 21 class path changes (21 additions, 0 deletions, 0 modifications)
2026-09-23T21:52:30.463-07:00  INFO 26776 --- [proyecto] [Thread-13] o.s.boot.tomcat.GracefulShutdown         : Commencing graceful shutdown. Waiting for active requests to complete
2026-09-23T21:52:30.472-07:00  INFO 26776 --- [proyecto] [tomcat-shutdown] o.s.boot.tomcat.GracefulShutdown         : Graceful shutdown complete
2026-09-23T21:52:30.475-07:00  INFO 26776 --- [proyecto] [Thread-13] j.LocalContainerEntityManagerFactoryBean : Closing JPA EntityManagerFactory for persistence unit 'default'
2026-09-23T21:52:30.476-07:00  INFO 26776 --- [proyecto] [Thread-13] com.zaxxer.hikari.HikariDataSource       : HikariPool-4 - Shutdown initiated...
2026-09-23T21:52:30.478-07:00  INFO 26776 --- [proyecto] [Thread-13] com.zaxxer.hikari.HikariDataSource       : HikariPool-4 - Shutdown completed.
2026-09-23T21:52:30.638-07:00  INFO 26776 --- [proyecto] [restartedMain] com.banbajio.ProyectoApplication         : Starting ProyectoApplication using Java 21.0.7 with PID 26776 (C:\Users\wero_\OneDrive\Escritorio\PRUEBA\proyecto\target\classes started by wero_ in C:\Users\wero_\OneDrive\Escritorio\PRUEBA\proyecto)
2026-09-23T21:52:30.638-07:00 DEBUG 26776 --- [proyecto] [restartedMain] com.banbajio.ProyectoApplication         : Running with Spring Boot v4.1.1, Spring v7.0.9
2026-09-23T21:52:30.639-07:00  INFO 26776 --- [proyecto] [restartedMain] com.banbajio.ProyectoApplication         : No active profile set, falling back to 1 default profile: "default"
2026-09-23T21:52:30.938-07:00  INFO 26776 --- [proyecto] [restartedMain] .s.d.r.c.RepositoryConfigurationDelegate : Bootstrapping Spring Data JPA repositories in DEFAULT mode.
2026-09-23T21:52:30.977-07:00  INFO 26776 --- [proyecto] [restartedMain] .s.d.r.c.RepositoryConfigurationDelegate : Finished Spring Data repository scanning in 35 ms. Found 1 JPA repository interface.
2026-09-23T21:52:31.085-07:00  INFO 26776 --- [proyecto] [restartedMain] o.s.boot.tomcat.TomcatWebServer          : Tomcat initialized with port 8080 (http)
2026-09-23T21:52:31.086-07:00  INFO 26776 --- [proyecto] [restartedMain] o.apache.catalina.core.StandardService   : Starting service [Tomcat]
2026-09-23T21:52:31.087-07:00  INFO 26776 --- [proyecto] [restartedMain] o.apache.catalina.core.StandardEngine    : Starting Servlet engine: [Apache Tomcat/11.0.24]
2026-09-23T21:52:31.130-07:00  INFO 26776 --- [proyecto] [restartedMain] b.w.c.s.WebApplicationContextInitializer : Root WebApplicationContext: initialization completed in 486 ms
2026-09-23T21:52:31.194-07:00  INFO 26776 --- [proyecto] [restartedMain] org.hibernate.orm.jpa                    : HHH008540: Processing PersistenceUnitInfo [name: default]
2026-09-23T21:52:31.292-07:00  INFO 26776 --- [proyecto] [restartedMain] o.s.o.j.p.SpringPersistenceUnitInfo      : No LoadTimeWeaver setup: ignoring JPA class transformer
2026-09-23T21:52:31.295-07:00  INFO 26776 --- [proyecto] [restartedMain] com.zaxxer.hikari.HikariDataSource       : HikariPool-5 - Starting...
2026-09-23T21:52:31.335-07:00  INFO 26776 --- [proyecto] [restartedMain] com.zaxxer.hikari.pool.HikariPool        : HikariPool-5 - Added connection org.postgresql.jdbc.PgConnection@4aec2997
2026-09-23T21:52:31.336-07:00  INFO 26776 --- [proyecto] [restartedMain] com.zaxxer.hikari.HikariDataSource       : HikariPool-5 - Start completed.
2026-09-23T21:52:31.343-07:00  WARN 26776 --- [proyecto] [restartedMain] org.hibernate.orm.deprecation            : HHH90000025: PostgreSQLDialect does not need to be specified explicitly using 'hibernate.dialect' (remove the property setting and it will be selected by default)
2026-09-23T21:52:31.350-07:00  INFO 26776 --- [proyecto] [restartedMain] org.hibernate.orm.connections.pooling    : HHH10001005: Database info:
	Database JDBC URL [jdbc:postgresql://localhost:5432/postgres]
	Database driver: PostgreSQL JDBC Driver
	Database dialect: PostgreSQLDialect
	Database version: 18.4
	Default catalog/schema: postgres/public
	Autocommit mode: undefined/unknown
	Isolation level: READ_COMMITTED [default READ_COMMITTED]
	JDBC fetch size: none
	Pool: DataSourceConnectionProvider
	Minimum pool size: undefined/unknown
	Maximum pool size: undefined/unknown
2026-09-23T21:52:31.429-07:00  INFO 26776 --- [proyecto] [restartedMain] org.hibernate.orm.core                   : HHH000489: No JTA platform available (set 'hibernate.transaction.jta.platform' to enable JTA platform integration)
2026-09-23T21:52:31.448-07:00  INFO 26776 --- [proyecto] [restartedMain] j.LocalContainerEntityManagerFactoryBean : Initialized JPA EntityManagerFactory for persistence unit 'default'
2026-09-23T21:52:31.565-07:00  WARN 26776 --- [proyecto] [restartedMain] JpaBaseConfiguration$JpaWebConfiguration : spring.jpa.open-in-view is enabled by default. Therefore, database queries may be performed during view rendering. Explicitly configure spring.jpa.open-in-view to disable this warning
2026-09-23T21:52:31.675-07:00  INFO 26776 --- [proyecto] [restartedMain] o.s.boot.tomcat.TomcatWebServer          : Tomcat started on port 8080 (http) with context path '/'
2026-09-23T21:52:31.678-07:00  INFO 26776 --- [proyecto] [restartedMain] com.banbajio.ProyectoApplication         : Started ProyectoApplication in 1.125 seconds (process running for 1977.163)
2026-09-23T21:52:31.681-07:00  INFO 26776 --- [proyecto] [restartedMain] .ConditionEvaluationDeltaLoggingListener : Condition evaluation unchanged
2026-09-23T21:52:33.764-07:00  INFO 28184 --- [proyecto] [main] com.banbajio.ProyectoApplicationTests    : Starting ProyectoApplicationTests using Java 21.0.7 with PID 28184 (started by wero_ in C:\Users\wero_\OneDrive\Escritorio\PRUEBA\proyecto)
2026-09-23T21:52:33.765-07:00 DEBUG 28184 --- [proyecto] [main] com.banbajio.ProyectoApplicationTests    : Running with Spring Boot v4.1.1, Spring v7.0.9
2026-09-23T21:52:33.767-07:00  INFO 28184 --- [proyecto] [main] com.banbajio.ProyectoApplicationTests    : No active profile set, falling back to 1 default profile: "default"
2026-09-23T21:52:34.260-07:00  INFO 28184 --- [proyecto] [main] .s.d.r.c.RepositoryConfigurationDelegate : Bootstrapping Spring Data JPA repositories in DEFAULT mode.
2026-09-23T21:52:34.309-07:00  INFO 28184 --- [proyecto] [main] .s.d.r.c.RepositoryConfigurationDelegate : Finished Spring Data repository scanning in 41 ms. Found 1 JPA repository interface.
2026-09-23T21:52:34.725-07:00  INFO 28184 --- [proyecto] [main] org.hibernate.orm.jpa                    : HHH008540: Processing PersistenceUnitInfo [name: default]
2026-09-23T21:52:34.777-07:00  INFO 28184 --- [proyecto] [main] org.hibernate.orm.core                   : HHH000001: Hibernate ORM core version 7.4.5.Final
2026-09-23T21:52:34.993-07:00  INFO 28184 --- [proyecto] [main] o.s.o.j.p.SpringPersistenceUnitInfo      : No LoadTimeWeaver setup: ignoring JPA class transformer
2026-09-23T21:52:35.018-07:00  INFO 28184 --- [proyecto] [main] com.zaxxer.hikari.HikariDataSource       : HikariPool-1 - Starting...
2026-09-23T21:52:35.156-07:00  INFO 28184 --- [proyecto] [main] com.zaxxer.hikari.pool.HikariPool        : HikariPool-1 - Added connection org.postgresql.jdbc.PgConnection@1ee5792a
2026-09-23T21:52:35.159-07:00  INFO 28184 --- [proyecto] [main] com.zaxxer.hikari.HikariDataSource       : HikariPool-1 - Start completed.
2026-09-23T21:52:35.184-07:00  WARN 28184 --- [proyecto] [main] org.hibernate.orm.deprecation            : HHH90000025: PostgreSQLDialect does not need to be specified explicitly using 'hibernate.dialect' (remove the property setting and it will be selected by default)
2026-09-23T21:52:35.206-07:00  INFO 28184 --- [proyecto] [main] org.hibernate.orm.connections.pooling    : HHH10001005: Database info:
	Database JDBC URL [jdbc:postgresql://localhost:5432/postgres]
	Database driver: PostgreSQL JDBC Driver
	Database dialect: PostgreSQLDialect
	Database version: 18.4
	Default catalog/schema: postgres/public
	Autocommit mode: undefined/unknown
	Isolation level: READ_COMMITTED [default READ_COMMITTED]
	JDBC fetch size: none
	Pool: DataSourceConnectionProvider
	Minimum pool size: undefined/unknown
	Maximum pool size: undefined/unknown
2026-09-23T21:52:35.803-07:00  INFO 28184 --- [proyecto] [main] org.hibernate.orm.core                   : HHH000489: No JTA platform available (set 'hibernate.transaction.jta.platform' to enable JTA platform integration)
2026-09-23T21:52:35.853-07:00  INFO 28184 --- [proyecto] [main] j.LocalContainerEntityManagerFactoryBean : Initialized JPA EntityManagerFactory for persistence unit 'default'
2026-09-23T21:52:35.911-07:00  INFO 28184 --- [proyecto] [main] o.s.d.j.r.query.QueryEnhancerFactories   : Hibernate is in classpath; If applicable, HQL parser will be used.
2026-09-23T21:52:36.083-07:00  WARN 28184 --- [proyecto] [main] JpaBaseConfiguration$JpaWebConfiguration : spring.jpa.open-in-view is enabled by default. Therefore, database queries may be performed during view rendering. Explicitly configure spring.jpa.open-in-view to disable this warning
2026-09-23T21:52:36.328-07:00  INFO 28184 --- [proyecto] [main] com.banbajio.ProyectoApplicationTests    : Started ProyectoApplicationTests in 2.994 seconds (process running for 5.754)
2026-09-23T21:52:36.358-07:00  INFO 28184 --- [proyecto] [SpringApplicationShutdownHook] j.LocalContainerEntityManagerFactoryBean : Closing JPA EntityManagerFactory for persistence unit 'default'
2026-09-23T21:52:36.359-07:00  INFO 28184 --- [proyecto] [SpringApplicationShutdownHook] com.zaxxer.hikari.HikariDataSource       : HikariPool-1 - Shutdown initiated...
2026-09-23T21:52:36.363-07:00  INFO 28184 --- [proyecto] [SpringApplicationShutdownHook] com.zaxxer.hikari.HikariDataSource       : HikariPool-1 - Shutdown completed.
2026-09-23T21:55:21.223-07:00  INFO 28012 --- [proyecto] [main] com.banbajio.ProyectoApplicationTests    : Starting ProyectoApplicationTests using Java 21.0.7 with PID 28012 (started by wero_ in C:\Users\wero_\OneDrive\Escritorio\PRUEBA\proyecto)
2026-09-23T21:55:21.224-07:00 DEBUG 28012 --- [proyecto] [main] com.banbajio.ProyectoApplicationTests    : Running with Spring Boot v4.1.1, Spring v7.0.9
2026-09-23T21:55:21.225-07:00  INFO 28012 --- [proyecto] [main] com.banbajio.ProyectoApplicationTests    : No active profile set, falling back to 1 default profile: "default"
2026-09-23T21:55:21.738-07:00  INFO 28012 --- [proyecto] [main] .s.d.r.c.RepositoryConfigurationDelegate : Bootstrapping Spring Data JPA repositories in DEFAULT mode.
2026-09-23T21:55:21.788-07:00  INFO 28012 --- [proyecto] [main] .s.d.r.c.RepositoryConfigurationDelegate : Finished Spring Data repository scanning in 42 ms. Found 1 JPA repository interface.
2026-09-23T21:55:22.146-07:00  INFO 28012 --- [proyecto] [main] org.hibernate.orm.jpa                    : HHH008540: Processing PersistenceUnitInfo [name: default]
2026-09-23T21:55:22.210-07:00  INFO 28012 --- [proyecto] [main] org.hibernate.orm.core                   : HHH000001: Hibernate ORM core version 7.4.5.Final
2026-09-23T21:55:22.434-07:00  INFO 28012 --- [proyecto] [main] o.s.o.j.p.SpringPersistenceUnitInfo      : No LoadTimeWeaver setup: ignoring JPA class transformer
2026-09-23T21:55:22.459-07:00  INFO 28012 --- [proyecto] [main] com.zaxxer.hikari.HikariDataSource       : HikariPool-1 - Starting...
2026-09-23T21:55:22.719-07:00  INFO 28012 --- [proyecto] [main] com.zaxxer.hikari.pool.HikariPool        : HikariPool-1 - Added connection org.postgresql.jdbc.PgConnection@5ef03158
2026-09-23T21:55:22.720-07:00  INFO 28012 --- [proyecto] [main] com.zaxxer.hikari.HikariDataSource       : HikariPool-1 - Start completed.
2026-09-23T21:55:22.745-07:00  WARN 28012 --- [proyecto] [main] org.hibernate.orm.deprecation            : HHH90000025: PostgreSQLDialect does not need to be specified explicitly using 'hibernate.dialect' (remove the property setting and it will be selected by default)
2026-09-23T21:55:22.766-07:00  INFO 28012 --- [proyecto] [main] org.hibernate.orm.connections.pooling    : HHH10001005: Database info:
	Database JDBC URL [jdbc:postgresql://localhost:5432/postgres]
	Database driver: PostgreSQL JDBC Driver
	Database dialect: PostgreSQLDialect
	Database version: 18.4
	Default catalog/schema: postgres/public
	Autocommit mode: undefined/unknown
	Isolation level: READ_COMMITTED [default READ_COMMITTED]
	JDBC fetch size: none
	Pool: DataSourceConnectionProvider
	Minimum pool size: undefined/unknown
	Maximum pool size: undefined/unknown
2026-09-23T21:55:23.352-07:00  INFO 28012 --- [proyecto] [main] org.hibernate.orm.core                   : HHH000489: No JTA platform available (set 'hibernate.transaction.jta.platform' to enable JTA platform integration)
2026-09-23T21:55:23.402-07:00  INFO 28012 --- [proyecto] [main] j.LocalContainerEntityManagerFactoryBean : Initialized JPA EntityManagerFactory for persistence unit 'default'
2026-09-23T21:55:23.485-07:00  INFO 28012 --- [proyecto] [main] o.s.d.j.r.query.QueryEnhancerFactories   : Hibernate is in classpath; If applicable, HQL parser will be used.
2026-09-23T21:55:23.775-07:00  WARN 28012 --- [proyecto] [main] JpaBaseConfiguration$JpaWebConfiguration : spring.jpa.open-in-view is enabled by default. Therefore, database queries may be performed during view rendering. Explicitly configure spring.jpa.open-in-view to disable this warning
2026-09-23T21:55:24.132-07:00  INFO 28012 --- [proyecto] [main] com.banbajio.ProyectoApplicationTests    : Started ProyectoApplicationTests in 3.228 seconds (process running for 6.126)
2026-09-23T21:55:24.167-07:00  INFO 28012 --- [proyecto] [SpringApplicationShutdownHook] j.LocalContainerEntityManagerFactoryBean : Closing JPA EntityManagerFactory for persistence unit 'default'
2026-09-23T21:55:24.171-07:00  INFO 28012 --- [proyecto] [SpringApplicationShutdownHook] com.zaxxer.hikari.HikariDataSource       : HikariPool-1 - Shutdown initiated...
2026-09-23T21:55:24.175-07:00  INFO 28012 --- [proyecto] [SpringApplicationShutdownHook] com.zaxxer.hikari.HikariDataSource       : HikariPool-1 - Shutdown completed.
2026-09-23T21:56:33.003-07:00  INFO 26776 --- [proyecto] [File Watcher] rtingClassPathChangeChangedEventListener : Restarting due to 1 class path change (0 additions, 0 deletions, 1 modification)
2026-09-23T21:56:33.004-07:00  INFO 26776 --- [proyecto] [Thread-17] o.s.boot.tomcat.GracefulShutdown         : Commencing graceful shutdown. Waiting for active requests to complete
2026-09-23T21:56:33.021-07:00  INFO 26776 --- [proyecto] [tomcat-shutdown] o.s.boot.tomcat.GracefulShutdown         : Graceful shutdown complete
2026-09-23T21:56:33.023-07:00  INFO 26776 --- [proyecto] [Thread-17] j.LocalContainerEntityManagerFactoryBean : Closing JPA EntityManagerFactory for persistence unit 'default'
2026-09-23T21:56:33.024-07:00  INFO 26776 --- [proyecto] [Thread-17] com.zaxxer.hikari.HikariDataSource       : HikariPool-5 - Shutdown initiated...
2026-09-23T21:56:33.027-07:00  INFO 26776 --- [proyecto] [Thread-17] com.zaxxer.hikari.HikariDataSource       : HikariPool-5 - Shutdown completed.
2026-09-23T21:56:33.161-07:00  INFO 26776 --- [proyecto] [restartedMain] com.banbajio.ProyectoApplication         : Starting ProyectoApplication using Java 21.0.7 with PID 26776 (C:\Users\wero_\OneDrive\Escritorio\PRUEBA\proyecto\target\classes started by wero_ in C:\Users\wero_\OneDrive\Escritorio\PRUEBA\proyecto)
2026-09-23T21:56:33.161-07:00 DEBUG 26776 --- [proyecto] [restartedMain] com.banbajio.ProyectoApplication         : Running with Spring Boot v4.1.1, Spring v7.0.9
2026-09-23T21:56:33.162-07:00  INFO 26776 --- [proyecto] [restartedMain] com.banbajio.ProyectoApplication         : No active profile set, falling back to 1 default profile: "default"
2026-09-23T21:56:33.454-07:00  INFO 26776 --- [proyecto] [restartedMain] .s.d.r.c.RepositoryConfigurationDelegate : Bootstrapping Spring Data JPA repositories in DEFAULT mode.
2026-09-23T21:56:33.505-07:00  INFO 26776 --- [proyecto] [restartedMain] .s.d.r.c.RepositoryConfigurationDelegate : Finished Spring Data repository scanning in 48 ms. Found 1 JPA repository interface.
2026-09-23T21:56:33.610-07:00  INFO 26776 --- [proyecto] [restartedMain] o.s.boot.tomcat.TomcatWebServer          : Tomcat initialized with port 8080 (http)
2026-09-23T21:56:33.611-07:00  INFO 26776 --- [proyecto] [restartedMain] o.apache.catalina.core.StandardService   : Starting service [Tomcat]
2026-09-23T21:56:33.612-07:00  INFO 26776 --- [proyecto] [restartedMain] o.apache.catalina.core.StandardEngine    : Starting Servlet engine: [Apache Tomcat/11.0.24]
2026-09-23T21:56:33.651-07:00  INFO 26776 --- [proyecto] [restartedMain] b.w.c.s.WebApplicationContextInitializer : Root WebApplicationContext: initialization completed in 484 ms
2026-09-23T21:56:33.701-07:00  INFO 26776 --- [proyecto] [restartedMain] org.hibernate.orm.jpa                    : HHH008540: Processing PersistenceUnitInfo [name: default]
2026-09-23T21:56:33.782-07:00  INFO 26776 --- [proyecto] [restartedMain] o.s.o.j.p.SpringPersistenceUnitInfo      : No LoadTimeWeaver setup: ignoring JPA class transformer
2026-09-23T21:56:33.783-07:00  INFO 26776 --- [proyecto] [restartedMain] com.zaxxer.hikari.HikariDataSource       : HikariPool-6 - Starting...
2026-09-23T21:56:33.815-07:00  INFO 26776 --- [proyecto] [restartedMain] com.zaxxer.hikari.pool.HikariPool        : HikariPool-6 - Added connection org.postgresql.jdbc.PgConnection@1928b27f
2026-09-23T21:56:33.816-07:00  INFO 26776 --- [proyecto] [restartedMain] com.zaxxer.hikari.HikariDataSource       : HikariPool-6 - Start completed.
2026-09-23T21:56:33.821-07:00  WARN 26776 --- [proyecto] [restartedMain] org.hibernate.orm.deprecation            : HHH90000025: PostgreSQLDialect does not need to be specified explicitly using 'hibernate.dialect' (remove the property setting and it will be selected by default)
2026-09-23T21:56:33.826-07:00  INFO 26776 --- [proyecto] [restartedMain] org.hibernate.orm.connections.pooling    : HHH10001005: Database info:
	Database JDBC URL [jdbc:postgresql://localhost:5432/postgres]
	Database driver: PostgreSQL JDBC Driver
	Database dialect: PostgreSQLDialect
	Database version: 18.4
	Default catalog/schema: postgres/public
	Autocommit mode: undefined/unknown
	Isolation level: READ_COMMITTED [default READ_COMMITTED]
	JDBC fetch size: none
	Pool: DataSourceConnectionProvider
	Minimum pool size: undefined/unknown
	Maximum pool size: undefined/unknown
2026-09-23T21:56:33.895-07:00  INFO 26776 --- [proyecto] [restartedMain] org.hibernate.orm.core                   : HHH000489: No JTA platform available (set 'hibernate.transaction.jta.platform' to enable JTA platform integration)
2026-09-23T21:56:33.919-07:00  INFO 26776 --- [proyecto] [restartedMain] j.LocalContainerEntityManagerFactoryBean : Initialized JPA EntityManagerFactory for persistence unit 'default'
2026-09-23T21:56:34.019-07:00  WARN 26776 --- [proyecto] [restartedMain] JpaBaseConfiguration$JpaWebConfiguration : spring.jpa.open-in-view is enabled by default. Therefore, database queries may be performed during view rendering. Explicitly configure spring.jpa.open-in-view to disable this warning
2026-09-23T21:56:34.117-07:00  INFO 26776 --- [proyecto] [restartedMain] o.s.boot.tomcat.TomcatWebServer          : Tomcat started on port 8080 (http) with context path '/'
2026-09-23T21:56:34.119-07:00  INFO 26776 --- [proyecto] [restartedMain] com.banbajio.ProyectoApplication         : Started ProyectoApplication in 1.012 seconds (process running for 2219.604)
2026-09-23T21:56:34.121-07:00  INFO 26776 --- [proyecto] [restartedMain] .ConditionEvaluationDeltaLoggingListener : Condition evaluation unchanged
2026-09-23T21:56:35.624-07:00  INFO 27992 --- [proyecto] [main] com.banbajio.ProyectoApplicationTests    : Starting ProyectoApplicationTests using Java 21.0.7 with PID 27992 (started by wero_ in C:\Users\wero_\OneDrive\Escritorio\PRUEBA\proyecto)
2026-09-23T21:56:35.625-07:00 DEBUG 27992 --- [proyecto] [main] com.banbajio.ProyectoApplicationTests    : Running with Spring Boot v4.1.1, Spring v7.0.9
2026-09-23T21:56:35.626-07:00  INFO 27992 --- [proyecto] [main] com.banbajio.ProyectoApplicationTests    : No active profile set, falling back to 1 default profile: "default"
2026-09-23T21:56:36.159-07:00  INFO 27992 --- [proyecto] [main] .s.d.r.c.RepositoryConfigurationDelegate : Bootstrapping Spring Data JPA repositories in DEFAULT mode.
2026-09-23T21:56:36.209-07:00  INFO 27992 --- [proyecto] [main] .s.d.r.c.RepositoryConfigurationDelegate : Finished Spring Data repository scanning in 39 ms. Found 1 JPA repository interface.
2026-09-23T21:56:36.527-07:00  INFO 27992 --- [proyecto] [main] org.hibernate.orm.jpa                    : HHH008540: Processing PersistenceUnitInfo [name: default]
2026-09-23T21:56:36.577-07:00  INFO 27992 --- [proyecto] [main] org.hibernate.orm.core                   : HHH000001: Hibernate ORM core version 7.4.5.Final
2026-09-23T21:56:36.802-07:00  INFO 27992 --- [proyecto] [main] o.s.o.j.p.SpringPersistenceUnitInfo      : No LoadTimeWeaver setup: ignoring JPA class transformer
2026-09-23T21:56:36.825-07:00  INFO 27992 --- [proyecto] [main] com.zaxxer.hikari.HikariDataSource       : HikariPool-1 - Starting...
2026-09-23T21:56:36.973-07:00  INFO 27992 --- [proyecto] [main] com.zaxxer.hikari.pool.HikariPool        : HikariPool-1 - Added connection org.postgresql.jdbc.PgConnection@4a5a8c6f
2026-09-23T21:56:36.975-07:00  INFO 27992 --- [proyecto] [main] com.zaxxer.hikari.HikariDataSource       : HikariPool-1 - Start completed.
2026-09-23T21:56:36.999-07:00  WARN 27992 --- [proyecto] [main] org.hibernate.orm.deprecation            : HHH90000025: PostgreSQLDialect does not need to be specified explicitly using 'hibernate.dialect' (remove the property setting and it will be selected by default)
2026-09-23T21:56:37.021-07:00  INFO 27992 --- [proyecto] [main] org.hibernate.orm.connections.pooling    : HHH10001005: Database info:
	Database JDBC URL [jdbc:postgresql://localhost:5432/postgres]
	Database driver: PostgreSQL JDBC Driver
	Database dialect: PostgreSQLDialect
	Database version: 18.4
	Default catalog/schema: postgres/public
	Autocommit mode: undefined/unknown
	Isolation level: READ_COMMITTED [default READ_COMMITTED]
	JDBC fetch size: none
	Pool: DataSourceConnectionProvider
	Minimum pool size: undefined/unknown
	Maximum pool size: undefined/unknown
2026-09-23T21:56:37.574-07:00  INFO 27992 --- [proyecto] [main] org.hibernate.orm.core                   : HHH000489: No JTA platform available (set 'hibernate.transaction.jta.platform' to enable JTA platform integration)
2026-09-23T21:56:37.626-07:00  INFO 27992 --- [proyecto] [main] j.LocalContainerEntityManagerFactoryBean : Initialized JPA EntityManagerFactory for persistence unit 'default'
2026-09-23T21:56:37.683-07:00  INFO 27992 --- [proyecto] [main] o.s.d.j.r.query.QueryEnhancerFactories   : Hibernate is in classpath; If applicable, HQL parser will be used.
2026-09-23T21:56:37.969-07:00  WARN 27992 --- [proyecto] [main] JpaBaseConfiguration$JpaWebConfiguration : spring.jpa.open-in-view is enabled by default. Therefore, database queries may be performed during view rendering. Explicitly configure spring.jpa.open-in-view to disable this warning
2026-09-23T21:56:38.639-07:00  INFO 27992 --- [proyecto] [main] com.banbajio.ProyectoApplicationTests    : Started ProyectoApplicationTests in 3.346 seconds (process running for 6.266)
2026-09-23T21:56:38.750-07:00  INFO 27992 --- [proyecto] [SpringApplicationShutdownHook] j.LocalContainerEntityManagerFactoryBean : Closing JPA EntityManagerFactory for persistence unit 'default'
2026-09-23T21:56:38.763-07:00  INFO 27992 --- [proyecto] [SpringApplicationShutdownHook] com.zaxxer.hikari.HikariDataSource       : HikariPool-1 - Shutdown initiated...
2026-09-23T21:56:38.775-07:00  INFO 27992 --- [proyecto] [SpringApplicationShutdownHook] com.zaxxer.hikari.HikariDataSource       : HikariPool-1 - Shutdown completed.
2026-09-23T21:57:22.480-07:00  INFO 28184 --- [proyecto] [restartedMain] com.banbajio.ProyectoApplication         : Starting ProyectoApplication using Java 21.0.7 with PID 28184 (C:\Users\wero_\OneDrive\Escritorio\PRUEBA\proyecto\target\classes started by wero_ in C:\Users\wero_\OneDrive\Escritorio\PRUEBA\proyecto)
2026-09-23T21:57:22.483-07:00 DEBUG 28184 --- [proyecto] [restartedMain] com.banbajio.ProyectoApplication         : Running with Spring Boot v4.1.1, Spring v7.0.9
2026-09-23T21:57:22.485-07:00  INFO 28184 --- [proyecto] [restartedMain] com.banbajio.ProyectoApplication         : No active profile set, falling back to 1 default profile: "default"
2026-09-23T21:57:22.546-07:00  INFO 28184 --- [proyecto] [restartedMain] .e.DevToolsPropertyDefaultsPostProcessor : Devtools property defaults active! Set 'spring.devtools.add-properties' to 'false' to disable
2026-09-23T21:57:22.546-07:00  INFO 28184 --- [proyecto] [restartedMain] .e.DevToolsPropertyDefaultsPostProcessor : For additional web related logging consider setting the 'logging.level.web' property to 'DEBUG'
2026-09-23T21:57:23.510-07:00  INFO 28184 --- [proyecto] [restartedMain] .s.d.r.c.RepositoryConfigurationDelegate : Bootstrapping Spring Data JPA repositories in DEFAULT mode.
2026-09-23T21:57:23.578-07:00  INFO 28184 --- [proyecto] [restartedMain] .s.d.r.c.RepositoryConfigurationDelegate : Finished Spring Data repository scanning in 56 ms. Found 1 JPA repository interface.
2026-09-23T21:57:24.332-07:00  INFO 28184 --- [proyecto] [restartedMain] o.s.boot.tomcat.TomcatWebServer          : Tomcat initialized with port 8080 (http)
2026-09-23T21:57:24.350-07:00  INFO 28184 --- [proyecto] [restartedMain] o.apache.catalina.core.StandardService   : Starting service [Tomcat]
2026-09-23T21:57:24.350-07:00  INFO 28184 --- [proyecto] [restartedMain] o.apache.catalina.core.StandardEngine    : Starting Servlet engine: [Apache Tomcat/11.0.24]
2026-09-23T21:57:24.405-07:00  INFO 28184 --- [proyecto] [restartedMain] b.w.c.s.WebApplicationContextInitializer : Root WebApplicationContext: initialization completed in 1858 ms
2026-09-23T21:57:24.677-07:00  INFO 28184 --- [proyecto] [restartedMain] org.hibernate.orm.jpa                    : HHH008540: Processing PersistenceUnitInfo [name: default]
2026-09-23T21:57:24.734-07:00  INFO 28184 --- [proyecto] [restartedMain] org.hibernate.orm.core                   : HHH000001: Hibernate ORM core version 7.4.5.Final
2026-09-23T21:57:25.454-07:00  INFO 28184 --- [proyecto] [restartedMain] o.s.o.j.p.SpringPersistenceUnitInfo      : No LoadTimeWeaver setup: ignoring JPA class transformer
2026-09-23T21:57:25.485-07:00  INFO 28184 --- [proyecto] [restartedMain] com.zaxxer.hikari.HikariDataSource       : HikariPool-1 - Starting...
2026-09-23T21:57:25.672-07:00  INFO 28184 --- [proyecto] [restartedMain] com.zaxxer.hikari.pool.HikariPool        : HikariPool-1 - Added connection org.postgresql.jdbc.PgConnection@10393898
2026-09-23T21:57:25.675-07:00  INFO 28184 --- [proyecto] [restartedMain] com.zaxxer.hikari.HikariDataSource       : HikariPool-1 - Start completed.
2026-09-23T21:57:25.715-07:00  WARN 28184 --- [proyecto] [restartedMain] org.hibernate.orm.deprecation            : HHH90000025: PostgreSQLDialect does not need to be specified explicitly using 'hibernate.dialect' (remove the property setting and it will be selected by default)
2026-09-23T21:57:25.750-07:00  INFO 28184 --- [proyecto] [restartedMain] org.hibernate.orm.connections.pooling    : HHH10001005: Database info:
	Database JDBC URL [jdbc:postgresql://localhost:5432/postgres]
	Database driver: PostgreSQL JDBC Driver
	Database dialect: PostgreSQLDialect
	Database version: 18.4
	Default catalog/schema: postgres/public
	Autocommit mode: undefined/unknown
	Isolation level: READ_COMMITTED [default READ_COMMITTED]
	JDBC fetch size: none
	Pool: DataSourceConnectionProvider
	Minimum pool size: undefined/unknown
	Maximum pool size: undefined/unknown
2026-09-23T21:57:26.462-07:00  INFO 28184 --- [proyecto] [restartedMain] org.hibernate.orm.core                   : HHH000489: No JTA platform available (set 'hibernate.transaction.jta.platform' to enable JTA platform integration)
2026-09-23T21:57:26.513-07:00  INFO 28184 --- [proyecto] [restartedMain] j.LocalContainerEntityManagerFactoryBean : Initialized JPA EntityManagerFactory for persistence unit 'default'
2026-09-23T21:57:26.578-07:00  INFO 28184 --- [proyecto] [restartedMain] o.s.d.j.r.query.QueryEnhancerFactories   : Hibernate is in classpath; If applicable, HQL parser will be used.
2026-09-23T21:57:26.864-07:00  WARN 28184 --- [proyecto] [restartedMain] JpaBaseConfiguration$JpaWebConfiguration : spring.jpa.open-in-view is enabled by default. Therefore, database queries may be performed during view rendering. Explicitly configure spring.jpa.open-in-view to disable this warning
2026-09-23T21:57:27.299-07:00  INFO 28184 --- [proyecto] [restartedMain] o.s.boot.tomcat.TomcatWebServer          : Tomcat started on port 8080 (http) with context path '/'
2026-09-23T21:57:27.308-07:00  INFO 28184 --- [proyecto] [restartedMain] com.banbajio.ProyectoApplication         : Started ProyectoApplication in 5.359 seconds (process running for 5.912)
2026-09-23T21:57:57.992-07:00  INFO 28184 --- [proyecto] [http-nio-8080-exec-1] o.a.c.c.C.[Tomcat].[localhost].[/]       : Initializing Spring DispatcherServlet 'dispatcherServlet'
2026-09-23T21:57:57.994-07:00  INFO 28184 --- [proyecto] [http-nio-8080-exec-1] o.s.web.servlet.DispatcherServlet        : Initializing Servlet 'dispatcherServlet'
2026-09-23T21:57:57.998-07:00  INFO 28184 --- [proyecto] [http-nio-8080-exec-1] o.s.web.servlet.DispatcherServlet        : Completed initialization in 3 ms
2026-09-23T21:57:59.187-07:00  INFO 28184 --- [proyecto] [http-nio-8080-exec-7] o.springdoc.api.AbstractOpenApiResource  : Init duration for springdoc-openapi is: 718 ms
2026-09-23T21:58:29.335-07:00 ERROR 28184 --- [proyecto] [http-nio-8080-exec-1] c.b.i.a.i.w.e.GlobalExceptionHandler     : Excepción no controlada detectada: No static resource favicon.ico for request '/favicon.ico'.

org.springframework.web.servlet.resource.NoResourceFoundException: No static resource favicon.ico for request '/favicon.ico'.
	at org.springframework.web.servlet.resource.ResourceHttpRequestHandler.handleRequest(ResourceHttpRequestHandler.java:527) ~[spring-webmvc-7.0.9.jar:7.0.9]
	at org.springframework.web.servlet.mvc.HttpRequestHandlerAdapter.handle(HttpRequestHandlerAdapter.java:50) ~[spring-webmvc-7.0.9.jar:7.0.9]
	at org.springframework.web.servlet.DispatcherServlet.doDispatch(DispatcherServlet.java:963) ~[spring-webmvc-7.0.9.jar:7.0.9]
	at org.springframework.web.servlet.DispatcherServlet.doService(DispatcherServlet.java:866) ~[spring-webmvc-7.0.9.jar:7.0.9]
	at org.springframework.web.servlet.FrameworkServlet.processRequest(FrameworkServlet.java:1000) ~[spring-webmvc-7.0.9.jar:7.0.9]
	at org.springframework.web.servlet.FrameworkServlet.doGet(FrameworkServlet.java:892) ~[spring-webmvc-7.0.9.jar:7.0.9]
	at jakarta.servlet.http.HttpServlet.service(HttpServlet.java:622) ~[tomcat-embed-core-11.0.24.jar:6.1]
	at org.springframework.web.servlet.FrameworkServlet.service(FrameworkServlet.java:874) ~[spring-webmvc-7.0.9.jar:7.0.9]
	at jakarta.servlet.http.HttpServlet.service(HttpServlet.java:710) ~[tomcat-embed-core-11.0.24.jar:6.1]
	at org.apache.catalina.core.ApplicationFilterChain.doFilter(ApplicationFilterChain.java:132) ~[tomcat-embed-core-11.0.24.jar:11.0.24]
	at org.apache.tomcat.websocket.server.WsFilter.doFilter(WsFilter.java:59) ~[tomcat-embed-websocket-11.0.24.jar:11.0.24]
	at org.apache.catalina.core.ApplicationFilterChain.doFilter(ApplicationFilterChain.java:111) ~[tomcat-embed-core-11.0.24.jar:11.0.24]
	at org.springframework.web.filter.RequestContextFilter.doFilterInternal(RequestContextFilter.java:100) ~[spring-web-7.0.9.jar:7.0.9]
	at org.springframework.web.filter.OncePerRequestFilter.doFilter(OncePerRequestFilter.java:116) ~[spring-web-7.0.9.jar:7.0.9]
	at org.apache.catalina.core.ApplicationFilterChain.doFilter(ApplicationFilterChain.java:111) ~[tomcat-embed-core-11.0.24.jar:11.0.24]
	at org.springframework.web.filter.FormContentFilter.doFilterInternal(FormContentFilter.java:93) ~[spring-web-7.0.9.jar:7.0.9]
	at org.springframework.web.filter.OncePerRequestFilter.doFilter(OncePerRequestFilter.java:116) ~[spring-web-7.0.9.jar:7.0.9]
	at org.apache.catalina.core.ApplicationFilterChain.doFilter(ApplicationFilterChain.java:111) ~[tomcat-embed-core-11.0.24.jar:11.0.24]
	at org.springframework.web.filter.CharacterEncodingFilter.doFilterInternal(CharacterEncodingFilter.java:199) ~[spring-web-7.0.9.jar:7.0.9]
	at org.springframework.web.filter.OncePerRequestFilter.doFilter(OncePerRequestFilter.java:116) ~[spring-web-7.0.9.jar:7.0.9]
	at org.apache.catalina.core.ApplicationFilterChain.doFilter(ApplicationFilterChain.java:111) ~[tomcat-embed-core-11.0.24.jar:11.0.24]
	at org.apache.catalina.core.StandardWrapperValve.invoke(StandardWrapperValve.java:165) ~[tomcat-embed-core-11.0.24.jar:11.0.24]
	at org.apache.catalina.core.StandardContextValve.invoke(StandardContextValve.java:77) ~[tomcat-embed-core-11.0.24.jar:11.0.24]
	at org.apache.catalina.authenticator.AuthenticatorBase.invoke(AuthenticatorBase.java:535) ~[tomcat-embed-core-11.0.24.jar:11.0.24]
	at org.apache.catalina.core.StandardHostValve.invoke(StandardHostValve.java:115) ~[tomcat-embed-core-11.0.24.jar:11.0.24]
	at org.apache.catalina.valves.ErrorReportValve.invoke(ErrorReportValve.java:86) ~[tomcat-embed-core-11.0.24.jar:11.0.24]
	at org.apache.catalina.core.StandardEngineValve.invoke(StandardEngineValve.java:71) ~[tomcat-embed-core-11.0.24.jar:11.0.24]
	at org.apache.catalina.connector.CoyoteAdapter.service(CoyoteAdapter.java:347) ~[tomcat-embed-core-11.0.24.jar:11.0.24]
	at org.apache.coyote.http11.Http11Processor.service(Http11Processor.java:406) ~[tomcat-embed-core-11.0.24.jar:11.0.24]
	at org.apache.coyote.AbstractProcessorLight.process(AbstractProcessorLight.java:71) ~[tomcat-embed-core-11.0.24.jar:11.0.24]
	at org.apache.coyote.AbstractProtocol$ConnectionHandler.process(AbstractProtocol.java:1307) ~[tomcat-embed-core-11.0.24.jar:11.0.24]
	at org.apache.tomcat.util.net.NioEndpoint$SocketProcessor.doRun(NioEndpoint.java:2036) ~[tomcat-embed-core-11.0.24.jar:11.0.24]
	at org.apache.tomcat.util.net.SocketProcessorBase.run(SocketProcessorBase.java:74) ~[tomcat-embed-core-11.0.24.jar:11.0.24]
	at org.apache.tomcat.util.threads.ThreadPoolExecutor.runWorker(ThreadPoolExecutor.java:949) ~[tomcat-embed-core-11.0.24.jar:11.0.24]
	at org.apache.tomcat.util.threads.ThreadPoolExecutor$Worker.run(ThreadPoolExecutor.java:483) ~[tomcat-embed-core-11.0.24.jar:11.0.24]
	at org.apache.tomcat.util.threads.TaskThread$WrappingRunnable.run(TaskThread.java:74) ~[tomcat-embed-core-11.0.24.jar:11.0.24]
	at java.base/java.lang.Thread.run(Thread.java:1583) ~[na:na]

2026-09-23T21:58:29.376-07:00  WARN 28184 --- [proyecto] [http-nio-8080-exec-1] .m.m.a.ExceptionHandlerExceptionResolver : Resolved [org.springframework.web.servlet.resource.NoResourceFoundException: No static resource favicon.ico for request '/favicon.ico'.]
2026-09-23T22:03:32.264-07:00  INFO 28184 --- [proyecto] [File Watcher] rtingClassPathChangeChangedEventListener : Restarting due to 21 class path changes (0 additions, 21 deletions, 0 modifications)
2026-09-23T22:03:32.275-07:00  INFO 28184 --- [proyecto] [Thread-1] o.s.boot.tomcat.GracefulShutdown         : Commencing graceful shutdown. Waiting for active requests to complete
2026-09-23T22:03:32.288-07:00  INFO 28184 --- [proyecto] [tomcat-shutdown] o.s.boot.tomcat.GracefulShutdown         : Graceful shutdown complete
2026-09-23T22:03:32.298-07:00  INFO 28184 --- [proyecto] [Thread-1] j.LocalContainerEntityManagerFactoryBean : Closing JPA EntityManagerFactory for persistence unit 'default'
2026-09-23T22:03:32.306-07:00  INFO 28184 --- [proyecto] [Thread-1] com.zaxxer.hikari.HikariDataSource       : HikariPool-1 - Shutdown initiated...
2026-09-23T22:03:32.320-07:00  INFO 28184 --- [proyecto] [Thread-1] com.zaxxer.hikari.HikariDataSource       : HikariPool-1 - Shutdown completed.
2026-09-23T22:03:32.458-07:00  INFO 28184 --- [proyecto] [restartedMain] com.banbajio.ProyectoApplication         : Starting ProyectoApplication using Java 21.0.7 with PID 28184 (C:\Users\wero_\OneDrive\Escritorio\PRUEBA\proyecto\target\classes started by wero_ in C:\Users\wero_\OneDrive\Escritorio\PRUEBA\proyecto)
2026-09-23T22:03:32.459-07:00 DEBUG 28184 --- [proyecto] [restartedMain] com.banbajio.ProyectoApplication         : Running with Spring Boot v4.1.1, Spring v7.0.9
2026-09-23T22:03:32.459-07:00  INFO 28184 --- [proyecto] [restartedMain] com.banbajio.ProyectoApplication         : No active profile set, falling back to 1 default profile: "default"
2026-09-23T22:03:32.910-07:00  INFO 28184 --- [proyecto] [restartedMain] .s.d.r.c.RepositoryConfigurationDelegate : Bootstrapping Spring Data JPA repositories in DEFAULT mode.
2026-09-23T22:03:32.928-07:00  INFO 28184 --- [proyecto] [restartedMain] .s.d.r.c.RepositoryConfigurationDelegate : Finished Spring Data repository scanning in 15 ms. Found 0 JPA repository interfaces.
2026-09-23T22:03:33.104-07:00  INFO 28184 --- [proyecto] [restartedMain] o.s.boot.tomcat.TomcatWebServer          : Tomcat initialized with port 8080 (http)
2026-09-23T22:03:33.107-07:00  INFO 28184 --- [proyecto] [restartedMain] o.apache.catalina.core.StandardService   : Starting service [Tomcat]
2026-09-23T22:03:33.107-07:00  INFO 28184 --- [proyecto] [restartedMain] o.apache.catalina.core.StandardEngine    : Starting Servlet engine: [Apache Tomcat/11.0.24]
2026-09-23T22:03:33.172-07:00  INFO 28184 --- [proyecto] [restartedMain] b.w.c.s.WebApplicationContextInitializer : Root WebApplicationContext: initialization completed in 708 ms
2026-09-23T22:03:33.259-07:00  INFO 28184 --- [proyecto] [restartedMain] org.hibernate.orm.jpa                    : HHH008540: Processing PersistenceUnitInfo [name: default]
2026-09-23T22:03:33.360-07:00  INFO 28184 --- [proyecto] [restartedMain] o.s.o.j.p.SpringPersistenceUnitInfo      : No LoadTimeWeaver setup: ignoring JPA class transformer
2026-09-23T22:03:33.361-07:00  INFO 28184 --- [proyecto] [restartedMain] com.zaxxer.hikari.HikariDataSource       : HikariPool-2 - Starting...
2026-09-23T22:03:33.398-07:00  INFO 28184 --- [proyecto] [restartedMain] com.zaxxer.hikari.pool.HikariPool        : HikariPool-2 - Added connection org.postgresql.jdbc.PgConnection@1a9a73cd
2026-09-23T22:03:33.398-07:00  INFO 28184 --- [proyecto] [restartedMain] com.zaxxer.hikari.HikariDataSource       : HikariPool-2 - Start completed.
2026-09-23T22:03:33.404-07:00  WARN 28184 --- [proyecto] [restartedMain] org.hibernate.orm.deprecation            : HHH90000025: PostgreSQLDialect does not need to be specified explicitly using 'hibernate.dialect' (remove the property setting and it will be selected by default)
2026-09-23T22:03:33.411-07:00  INFO 28184 --- [proyecto] [restartedMain] org.hibernate.orm.connections.pooling    : HHH10001005: Database info:
	Database JDBC URL [jdbc:postgresql://localhost:5432/postgres]
	Database driver: PostgreSQL JDBC Driver
	Database dialect: PostgreSQLDialect
	Database version: 18.4
	Default catalog/schema: postgres/public
	Autocommit mode: undefined/unknown
	Isolation level: READ_COMMITTED [default READ_COMMITTED]
	JDBC fetch size: none
	Pool: DataSourceConnectionProvider
	Minimum pool size: undefined/unknown
	Maximum pool size: undefined/unknown
2026-09-23T22:03:33.521-07:00  INFO 28184 --- [proyecto] [restartedMain] org.hibernate.orm.core                   : HHH000489: No JTA platform available (set 'hibernate.transaction.jta.platform' to enable JTA platform integration)
2026-09-23T22:03:33.546-07:00  INFO 28184 --- [proyecto] [restartedMain] j.LocalContainerEntityManagerFactoryBean : Initialized JPA EntityManagerFactory for persistence unit 'default'
2026-09-23T22:03:33.640-07:00  WARN 28184 --- [proyecto] [restartedMain] JpaBaseConfiguration$JpaWebConfiguration : spring.jpa.open-in-view is enabled by default. Therefore, database queries may be performed during view rendering. Explicitly configure spring.jpa.open-in-view to disable this warning
2026-09-23T22:03:33.931-07:00  INFO 28184 --- [proyecto] [restartedMain] o.s.boot.tomcat.TomcatWebServer          : Tomcat started on port 8080 (http) with context path '/'
2026-09-23T22:03:33.941-07:00  INFO 28184 --- [proyecto] [restartedMain] com.banbajio.ProyectoApplication         : Started ProyectoApplication in 1.544 seconds (process running for 372.546)
2026-09-23T22:03:33.945-07:00  INFO 28184 --- [proyecto] [restartedMain] .ConditionEvaluationDeltaLoggingListener : Condition evaluation unchanged
2026-09-23T22:03:35.358-07:00  INFO 28184 --- [proyecto] [File Watcher] rtingClassPathChangeChangedEventListener : Restarting due to 21 class path changes (21 additions, 0 deletions, 0 modifications)
2026-09-23T22:03:35.360-07:00  INFO 28184 --- [proyecto] [Thread-5] o.s.boot.tomcat.GracefulShutdown         : Commencing graceful shutdown. Waiting for active requests to complete
2026-09-23T22:03:35.371-07:00  INFO 28184 --- [proyecto] [tomcat-shutdown] o.s.boot.tomcat.GracefulShutdown         : Graceful shutdown complete
2026-09-23T22:03:35.374-07:00  INFO 28184 --- [proyecto] [Thread-5] j.LocalContainerEntityManagerFactoryBean : Closing JPA EntityManagerFactory for persistence unit 'default'
2026-09-23T22:03:35.375-07:00  INFO 28184 --- [proyecto] [Thread-5] com.zaxxer.hikari.HikariDataSource       : HikariPool-2 - Shutdown initiated...
2026-09-23T22:03:35.380-07:00  INFO 28184 --- [proyecto] [Thread-5] com.zaxxer.hikari.HikariDataSource       : HikariPool-2 - Shutdown completed.
2026-09-23T22:03:35.501-07:00  INFO 28184 --- [proyecto] [restartedMain] com.banbajio.ProyectoApplication         : Starting ProyectoApplication using Java 21.0.7 with PID 28184 (C:\Users\wero_\OneDrive\Escritorio\PRUEBA\proyecto\target\classes started by wero_ in C:\Users\wero_\OneDrive\Escritorio\PRUEBA\proyecto)
2026-09-23T22:03:35.501-07:00 DEBUG 28184 --- [proyecto] [restartedMain] com.banbajio.ProyectoApplication         : Running with Spring Boot v4.1.1, Spring v7.0.9
2026-09-23T22:03:35.502-07:00  INFO 28184 --- [proyecto] [restartedMain] com.banbajio.ProyectoApplication         : No active profile set, falling back to 1 default profile: "default"
2026-09-23T22:03:35.926-07:00  INFO 28184 --- [proyecto] [restartedMain] .s.d.r.c.RepositoryConfigurationDelegate : Bootstrapping Spring Data JPA repositories in DEFAULT mode.
2026-09-23T22:03:35.976-07:00  INFO 28184 --- [proyecto] [restartedMain] .s.d.r.c.RepositoryConfigurationDelegate : Finished Spring Data repository scanning in 46 ms. Found 1 JPA repository interface.
2026-09-23T22:03:36.110-07:00  INFO 28184 --- [proyecto] [restartedMain] o.s.boot.tomcat.TomcatWebServer          : Tomcat initialized with port 8080 (http)
2026-09-23T22:03:36.112-07:00  INFO 28184 --- [proyecto] [restartedMain] o.apache.catalina.core.StandardService   : Starting service [Tomcat]
2026-09-23T22:03:36.112-07:00  INFO 28184 --- [proyecto] [restartedMain] o.apache.catalina.core.StandardEngine    : Starting Servlet engine: [Apache Tomcat/11.0.24]
2026-09-23T22:03:36.160-07:00  INFO 28184 --- [proyecto] [restartedMain] b.w.c.s.WebApplicationContextInitializer : Root WebApplicationContext: initialization completed in 653 ms
2026-09-23T22:03:36.213-07:00  INFO 28184 --- [proyecto] [restartedMain] org.hibernate.orm.jpa                    : HHH008540: Processing PersistenceUnitInfo [name: default]
2026-09-23T22:03:36.289-07:00  INFO 28184 --- [proyecto] [restartedMain] o.s.o.j.p.SpringPersistenceUnitInfo      : No LoadTimeWeaver setup: ignoring JPA class transformer
2026-09-23T22:03:36.292-07:00  INFO 28184 --- [proyecto] [restartedMain] com.zaxxer.hikari.HikariDataSource       : HikariPool-3 - Starting...
2026-09-23T22:03:36.325-07:00  INFO 28184 --- [proyecto] [restartedMain] com.zaxxer.hikari.pool.HikariPool        : HikariPool-3 - Added connection org.postgresql.jdbc.PgConnection@880f248
2026-09-23T22:03:36.326-07:00  INFO 28184 --- [proyecto] [restartedMain] com.zaxxer.hikari.HikariDataSource       : HikariPool-3 - Start completed.
2026-09-23T22:03:36.335-07:00  WARN 28184 --- [proyecto] [restartedMain] org.hibernate.orm.deprecation            : HHH90000025: PostgreSQLDialect does not need to be specified explicitly using 'hibernate.dialect' (remove the property setting and it will be selected by default)
2026-09-23T22:03:36.342-07:00  INFO 28184 --- [proyecto] [restartedMain] org.hibernate.orm.connections.pooling    : HHH10001005: Database info:
	Database JDBC URL [jdbc:postgresql://localhost:5432/postgres]
	Database driver: PostgreSQL JDBC Driver
	Database dialect: PostgreSQLDialect
	Database version: 18.4
	Default catalog/schema: postgres/public
	Autocommit mode: undefined/unknown
	Isolation level: READ_COMMITTED [default READ_COMMITTED]
	JDBC fetch size: none
	Pool: DataSourceConnectionProvider
	Minimum pool size: undefined/unknown
	Maximum pool size: undefined/unknown
2026-09-23T22:03:36.427-07:00  INFO 28184 --- [proyecto] [restartedMain] org.hibernate.orm.core                   : HHH000489: No JTA platform available (set 'hibernate.transaction.jta.platform' to enable JTA platform integration)
2026-09-23T22:03:36.449-07:00  INFO 28184 --- [proyecto] [restartedMain] j.LocalContainerEntityManagerFactoryBean : Initialized JPA EntityManagerFactory for persistence unit 'default'
2026-09-23T22:03:36.595-07:00  WARN 28184 --- [proyecto] [restartedMain] JpaBaseConfiguration$JpaWebConfiguration : spring.jpa.open-in-view is enabled by default. Therefore, database queries may be performed during view rendering. Explicitly configure spring.jpa.open-in-view to disable this warning
2026-09-23T22:03:36.759-07:00  INFO 28184 --- [proyecto] [restartedMain] o.s.boot.tomcat.TomcatWebServer          : Tomcat started on port 8080 (http) with context path '/'
2026-09-23T22:03:36.770-07:00  INFO 28184 --- [proyecto] [restartedMain] com.banbajio.ProyectoApplication         : Started ProyectoApplication in 1.319 seconds (process running for 375.374)
2026-09-23T22:03:36.775-07:00  INFO 28184 --- [proyecto] [restartedMain] .ConditionEvaluationDeltaLoggingListener : Condition evaluation unchanged
2026-09-23T22:03:38.049-07:00  INFO 27564 --- [proyecto] [main] com.banbajio.ProyectoApplicationTests    : Starting ProyectoApplicationTests using Java 21.0.7 with PID 27564 (started by wero_ in C:\Users\wero_\OneDrive\Escritorio\PRUEBA\proyecto)
2026-09-23T22:03:38.050-07:00 DEBUG 27564 --- [proyecto] [main] com.banbajio.ProyectoApplicationTests    : Running with Spring Boot v4.1.1, Spring v7.0.9
2026-09-23T22:03:38.050-07:00  INFO 27564 --- [proyecto] [main] com.banbajio.ProyectoApplicationTests    : No active profile set, falling back to 1 default profile: "default"
2026-09-23T22:03:38.706-07:00  INFO 27564 --- [proyecto] [main] .s.d.r.c.RepositoryConfigurationDelegate : Bootstrapping Spring Data JPA repositories in DEFAULT mode.
2026-09-23T22:03:38.760-07:00  INFO 27564 --- [proyecto] [main] .s.d.r.c.RepositoryConfigurationDelegate : Finished Spring Data repository scanning in 42 ms. Found 1 JPA repository interface.
2026-09-23T22:03:39.141-07:00  INFO 27564 --- [proyecto] [main] org.hibernate.orm.jpa                    : HHH008540: Processing PersistenceUnitInfo [name: default]
2026-09-23T22:03:39.206-07:00  INFO 27564 --- [proyecto] [main] org.hibernate.orm.core                   : HHH000001: Hibernate ORM core version 7.4.5.Final
2026-09-23T22:03:39.433-07:00  INFO 27564 --- [proyecto] [main] o.s.o.j.p.SpringPersistenceUnitInfo      : No LoadTimeWeaver setup: ignoring JPA class transformer
2026-09-23T22:03:39.458-07:00  INFO 27564 --- [proyecto] [main] com.zaxxer.hikari.HikariDataSource       : HikariPool-1 - Starting...
2026-09-23T22:03:39.597-07:00  INFO 27564 --- [proyecto] [main] com.zaxxer.hikari.pool.HikariPool        : HikariPool-1 - Added connection org.postgresql.jdbc.PgConnection@4a5a8c6f
2026-09-23T22:03:39.598-07:00  INFO 27564 --- [proyecto] [main] com.zaxxer.hikari.HikariDataSource       : HikariPool-1 - Start completed.
2026-09-23T22:03:39.624-07:00  WARN 27564 --- [proyecto] [main] org.hibernate.orm.deprecation            : HHH90000025: PostgreSQLDialect does not need to be specified explicitly using 'hibernate.dialect' (remove the property setting and it will be selected by default)
2026-09-23T22:03:39.643-07:00  INFO 27564 --- [proyecto] [main] org.hibernate.orm.connections.pooling    : HHH10001005: Database info:
	Database JDBC URL [jdbc:postgresql://localhost:5432/postgres]
	Database driver: PostgreSQL JDBC Driver
	Database dialect: PostgreSQLDialect
	Database version: 18.4
	Default catalog/schema: postgres/public
	Autocommit mode: undefined/unknown
	Isolation level: READ_COMMITTED [default READ_COMMITTED]
	JDBC fetch size: none
	Pool: DataSourceConnectionProvider
	Minimum pool size: undefined/unknown
	Maximum pool size: undefined/unknown
2026-09-23T22:03:40.181-07:00  INFO 27564 --- [proyecto] [main] org.hibernate.orm.core                   : HHH000489: No JTA platform available (set 'hibernate.transaction.jta.platform' to enable JTA platform integration)
2026-09-23T22:03:40.229-07:00  INFO 27564 --- [proyecto] [main] j.LocalContainerEntityManagerFactoryBean : Initialized JPA EntityManagerFactory for persistence unit 'default'
2026-09-23T22:03:40.285-07:00  INFO 27564 --- [proyecto] [main] o.s.d.j.r.query.QueryEnhancerFactories   : Hibernate is in classpath; If applicable, HQL parser will be used.
2026-09-23T22:03:40.511-07:00  WARN 27564 --- [proyecto] [main] JpaBaseConfiguration$JpaWebConfiguration : spring.jpa.open-in-view is enabled by default. Therefore, database queries may be performed during view rendering. Explicitly configure spring.jpa.open-in-view to disable this warning
2026-09-23T22:03:40.818-07:00  INFO 27564 --- [proyecto] [main] com.banbajio.ProyectoApplicationTests    : Started ProyectoApplicationTests in 3.095 seconds (process running for 5.983)
2026-09-23T22:03:40.850-07:00  INFO 27564 --- [proyecto] [SpringApplicationShutdownHook] j.LocalContainerEntityManagerFactoryBean : Closing JPA EntityManagerFactory for persistence unit 'default'
2026-09-23T22:03:40.853-07:00  INFO 27564 --- [proyecto] [SpringApplicationShutdownHook] com.zaxxer.hikari.HikariDataSource       : HikariPool-1 - Shutdown initiated...
2026-09-23T22:03:40.856-07:00  INFO 27564 --- [proyecto] [SpringApplicationShutdownHook] com.zaxxer.hikari.HikariDataSource       : HikariPool-1 - Shutdown completed.
2026-09-23T22:06:05.139-07:00  INFO 28184 --- [proyecto] [File Watcher] rtingClassPathChangeChangedEventListener : Restarting due to 21 class path changes (0 additions, 21 deletions, 0 modifications)
2026-09-23T22:06:05.142-07:00  INFO 28184 --- [proyecto] [Thread-9] o.s.boot.tomcat.GracefulShutdown         : Commencing graceful shutdown. Waiting for active requests to complete
2026-09-23T22:06:05.150-07:00  INFO 28184 --- [proyecto] [tomcat-shutdown] o.s.boot.tomcat.GracefulShutdown         : Graceful shutdown complete
2026-09-23T22:06:05.156-07:00  INFO 28184 --- [proyecto] [Thread-9] j.LocalContainerEntityManagerFactoryBean : Closing JPA EntityManagerFactory for persistence unit 'default'
2026-09-23T22:06:05.157-07:00  INFO 28184 --- [proyecto] [Thread-9] com.zaxxer.hikari.HikariDataSource       : HikariPool-3 - Shutdown initiated...
2026-09-23T22:06:05.160-07:00  INFO 28184 --- [proyecto] [Thread-9] com.zaxxer.hikari.HikariDataSource       : HikariPool-3 - Shutdown completed.
2026-09-23T22:06:05.265-07:00  INFO 28184 --- [proyecto] [restartedMain] com.banbajio.ProyectoApplication         : Starting ProyectoApplication using Java 21.0.7 with PID 28184 (C:\Users\wero_\OneDrive\Escritorio\PRUEBA\proyecto\target\classes started by wero_ in C:\Users\wero_\OneDrive\Escritorio\PRUEBA\proyecto)
2026-09-23T22:06:05.265-07:00 DEBUG 28184 --- [proyecto] [restartedMain] com.banbajio.ProyectoApplication         : Running with Spring Boot v4.1.1, Spring v7.0.9
2026-09-23T22:06:05.265-07:00  INFO 28184 --- [proyecto] [restartedMain] com.banbajio.ProyectoApplication         : No active profile set, falling back to 1 default profile: "default"
2026-09-23T22:06:05.576-07:00  INFO 28184 --- [proyecto] [restartedMain] .s.d.r.c.RepositoryConfigurationDelegate : Bootstrapping Spring Data JPA repositories in DEFAULT mode.
2026-09-23T22:06:05.624-07:00  INFO 28184 --- [proyecto] [restartedMain] .s.d.r.c.RepositoryConfigurationDelegate : Finished Spring Data repository scanning in 46 ms. Found 1 JPA repository interface.
2026-09-23T22:06:05.750-07:00  INFO 28184 --- [proyecto] [restartedMain] o.s.boot.tomcat.TomcatWebServer          : Tomcat initialized with port 8080 (http)
2026-09-23T22:06:05.751-07:00  INFO 28184 --- [proyecto] [restartedMain] o.apache.catalina.core.StandardService   : Starting service [Tomcat]
2026-09-23T22:06:05.752-07:00  INFO 28184 --- [proyecto] [restartedMain] o.apache.catalina.core.StandardEngine    : Starting Servlet engine: [Apache Tomcat/11.0.24]
2026-09-23T22:06:05.799-07:00  INFO 28184 --- [proyecto] [restartedMain] b.w.c.s.WebApplicationContextInitializer : Root WebApplicationContext: initialization completed in 531 ms
2026-09-23T22:06:05.863-07:00  INFO 28184 --- [proyecto] [restartedMain] org.hibernate.orm.jpa                    : HHH008540: Processing PersistenceUnitInfo [name: default]
2026-09-23T22:06:05.939-07:00  INFO 28184 --- [proyecto] [restartedMain] o.s.o.j.p.SpringPersistenceUnitInfo      : No LoadTimeWeaver setup: ignoring JPA class transformer
2026-09-23T22:06:05.941-07:00  INFO 28184 --- [proyecto] [restartedMain] com.zaxxer.hikari.HikariDataSource       : HikariPool-4 - Starting...
2026-09-23T22:06:05.971-07:00  INFO 28184 --- [proyecto] [restartedMain] com.zaxxer.hikari.pool.HikariPool        : HikariPool-4 - Added connection org.postgresql.jdbc.PgConnection@12095fb5
2026-09-23T22:06:05.972-07:00  INFO 28184 --- [proyecto] [restartedMain] com.zaxxer.hikari.HikariDataSource       : HikariPool-4 - Start completed.
2026-09-23T22:06:05.978-07:00  WARN 28184 --- [proyecto] [restartedMain] org.hibernate.orm.deprecation            : HHH90000025: PostgreSQLDialect does not need to be specified explicitly using 'hibernate.dialect' (remove the property setting and it will be selected by default)
2026-09-23T22:06:05.985-07:00  INFO 28184 --- [proyecto] [restartedMain] org.hibernate.orm.connections.pooling    : HHH10001005: Database info:
	Database JDBC URL [jdbc:postgresql://localhost:5432/postgres]
	Database driver: PostgreSQL JDBC Driver
	Database dialect: PostgreSQLDialect
	Database version: 18.4
	Default catalog/schema: postgres/public
	Autocommit mode: undefined/unknown
	Isolation level: READ_COMMITTED [default READ_COMMITTED]
	JDBC fetch size: none
	Pool: DataSourceConnectionProvider
	Minimum pool size: undefined/unknown
	Maximum pool size: undefined/unknown
2026-09-23T22:06:06.060-07:00  INFO 28184 --- [proyecto] [restartedMain] org.hibernate.orm.core                   : HHH000489: No JTA platform available (set 'hibernate.transaction.jta.platform' to enable JTA platform integration)
2026-09-23T22:06:06.078-07:00  INFO 28184 --- [proyecto] [restartedMain] j.LocalContainerEntityManagerFactoryBean : Initialized JPA EntityManagerFactory for persistence unit 'default'
2026-09-23T22:06:06.144-07:00  WARN 28184 --- [proyecto] [restartedMain] JpaBaseConfiguration$JpaWebConfiguration : spring.jpa.open-in-view is enabled by default. Therefore, database queries may be performed during view rendering. Explicitly configure spring.jpa.open-in-view to disable this warning
2026-09-23T22:06:06.338-07:00  INFO 28184 --- [proyecto] [restartedMain] o.s.boot.tomcat.TomcatWebServer          : Tomcat started on port 8080 (http) with context path '/'
2026-09-23T22:06:06.347-07:00  INFO 28184 --- [proyecto] [restartedMain] com.banbajio.ProyectoApplication         : Started ProyectoApplication in 1.125 seconds (process running for 524.95)
2026-09-23T22:06:06.352-07:00  INFO 28184 --- [proyecto] [restartedMain] .ConditionEvaluationDeltaLoggingListener : Condition evaluation unchanged
2026-09-23T22:06:07.788-07:00  INFO 28184 --- [proyecto] [File Watcher] rtingClassPathChangeChangedEventListener : Restarting due to 21 class path changes (21 additions, 0 deletions, 0 modifications)
2026-09-23T22:06:07.791-07:00  INFO 28184 --- [proyecto] [Thread-13] o.s.boot.tomcat.GracefulShutdown         : Commencing graceful shutdown. Waiting for active requests to complete
2026-09-23T22:06:07.803-07:00  INFO 28184 --- [proyecto] [tomcat-shutdown] o.s.boot.tomcat.GracefulShutdown         : Graceful shutdown complete
2026-09-23T22:06:07.806-07:00  INFO 28184 --- [proyecto] [Thread-13] j.LocalContainerEntityManagerFactoryBean : Closing JPA EntityManagerFactory for persistence unit 'default'
2026-09-23T22:06:07.806-07:00  INFO 28184 --- [proyecto] [Thread-13] com.zaxxer.hikari.HikariDataSource       : HikariPool-4 - Shutdown initiated...
2026-09-23T22:06:07.810-07:00  INFO 28184 --- [proyecto] [Thread-13] com.zaxxer.hikari.HikariDataSource       : HikariPool-4 - Shutdown completed.
2026-09-23T22:06:07.956-07:00  INFO 28184 --- [proyecto] [restartedMain] com.banbajio.ProyectoApplication         : Starting ProyectoApplication using Java 21.0.7 with PID 28184 (C:\Users\wero_\OneDrive\Escritorio\PRUEBA\proyecto\target\classes started by wero_ in C:\Users\wero_\OneDrive\Escritorio\PRUEBA\proyecto)
2026-09-23T22:06:07.957-07:00 DEBUG 28184 --- [proyecto] [restartedMain] com.banbajio.ProyectoApplication         : Running with Spring Boot v4.1.1, Spring v7.0.9
2026-09-23T22:06:07.957-07:00  INFO 28184 --- [proyecto] [restartedMain] com.banbajio.ProyectoApplication         : No active profile set, falling back to 1 default profile: "default"
2026-09-23T22:06:08.298-07:00  INFO 28184 --- [proyecto] [restartedMain] .s.d.r.c.RepositoryConfigurationDelegate : Bootstrapping Spring Data JPA repositories in DEFAULT mode.
2026-09-23T22:06:08.332-07:00  INFO 28184 --- [proyecto] [restartedMain] .s.d.r.c.RepositoryConfigurationDelegate : Finished Spring Data repository scanning in 32 ms. Found 1 JPA repository interface.
2026-09-23T22:06:08.448-07:00  INFO 28184 --- [proyecto] [restartedMain] o.s.boot.tomcat.TomcatWebServer          : Tomcat initialized with port 8080 (http)
2026-09-23T22:06:08.449-07:00  INFO 28184 --- [proyecto] [restartedMain] o.apache.catalina.core.StandardService   : Starting service [Tomcat]
2026-09-23T22:06:08.450-07:00  INFO 28184 --- [proyecto] [restartedMain] o.apache.catalina.core.StandardEngine    : Starting Servlet engine: [Apache Tomcat/11.0.24]
2026-09-23T22:06:08.496-07:00  INFO 28184 --- [proyecto] [restartedMain] b.w.c.s.WebApplicationContextInitializer : Root WebApplicationContext: initialization completed in 535 ms
2026-09-23T22:06:08.553-07:00  INFO 28184 --- [proyecto] [restartedMain] org.hibernate.orm.jpa                    : HHH008540: Processing PersistenceUnitInfo [name: default]
2026-09-23T22:06:08.640-07:00  INFO 28184 --- [proyecto] [restartedMain] o.s.o.j.p.SpringPersistenceUnitInfo      : No LoadTimeWeaver setup: ignoring JPA class transformer
2026-09-23T22:06:08.642-07:00  INFO 28184 --- [proyecto] [restartedMain] com.zaxxer.hikari.HikariDataSource       : HikariPool-5 - Starting...
2026-09-23T22:06:08.670-07:00  INFO 28184 --- [proyecto] [restartedMain] com.zaxxer.hikari.pool.HikariPool        : HikariPool-5 - Added connection org.postgresql.jdbc.PgConnection@520d8edb
2026-09-23T22:06:08.671-07:00  INFO 28184 --- [proyecto] [restartedMain] com.zaxxer.hikari.HikariDataSource       : HikariPool-5 - Start completed.
2026-09-23T22:06:08.677-07:00  WARN 28184 --- [proyecto] [restartedMain] org.hibernate.orm.deprecation            : HHH90000025: PostgreSQLDialect does not need to be specified explicitly using 'hibernate.dialect' (remove the property setting and it will be selected by default)
2026-09-23T22:06:08.682-07:00  INFO 28184 --- [proyecto] [restartedMain] org.hibernate.orm.connections.pooling    : HHH10001005: Database info:
	Database JDBC URL [jdbc:postgresql://localhost:5432/postgres]
	Database driver: PostgreSQL JDBC Driver
	Database dialect: PostgreSQLDialect
	Database version: 18.4
	Default catalog/schema: postgres/public
	Autocommit mode: undefined/unknown
	Isolation level: READ_COMMITTED [default READ_COMMITTED]
	JDBC fetch size: none
	Pool: DataSourceConnectionProvider
	Minimum pool size: undefined/unknown
	Maximum pool size: undefined/unknown
2026-09-23T22:06:08.752-07:00  INFO 28184 --- [proyecto] [restartedMain] org.hibernate.orm.core                   : HHH000489: No JTA platform available (set 'hibernate.transaction.jta.platform' to enable JTA platform integration)
2026-09-23T22:06:08.771-07:00  INFO 28184 --- [proyecto] [restartedMain] j.LocalContainerEntityManagerFactoryBean : Initialized JPA EntityManagerFactory for persistence unit 'default'
2026-09-23T22:06:08.901-07:00  WARN 28184 --- [proyecto] [restartedMain] JpaBaseConfiguration$JpaWebConfiguration : spring.jpa.open-in-view is enabled by default. Therefore, database queries may be performed during view rendering. Explicitly configure spring.jpa.open-in-view to disable this warning
2026-09-23T22:06:09.062-07:00  INFO 28184 --- [proyecto] [restartedMain] o.s.boot.tomcat.TomcatWebServer          : Tomcat started on port 8080 (http) with context path '/'
2026-09-23T22:06:09.066-07:00  INFO 28184 --- [proyecto] [restartedMain] com.banbajio.ProyectoApplication         : Started ProyectoApplication in 1.165 seconds (process running for 527.67)
2026-09-23T22:06:09.071-07:00  INFO 28184 --- [proyecto] [restartedMain] .ConditionEvaluationDeltaLoggingListener : Condition evaluation unchanged
2026-09-23T22:06:10.121-07:00  INFO 28620 --- [proyecto] [main] com.banbajio.ProyectoApplicationTests    : Starting ProyectoApplicationTests using Java 21.0.7 with PID 28620 (started by wero_ in C:\Users\wero_\OneDrive\Escritorio\PRUEBA\proyecto)
2026-09-23T22:06:10.123-07:00 DEBUG 28620 --- [proyecto] [main] com.banbajio.ProyectoApplicationTests    : Running with Spring Boot v4.1.1, Spring v7.0.9
2026-09-23T22:06:10.123-07:00  INFO 28620 --- [proyecto] [main] com.banbajio.ProyectoApplicationTests    : No active profile set, falling back to 1 default profile: "default"
2026-09-23T22:06:10.676-07:00  INFO 28620 --- [proyecto] [main] .s.d.r.c.RepositoryConfigurationDelegate : Bootstrapping Spring Data JPA repositories in DEFAULT mode.
2026-09-23T22:06:10.735-07:00  INFO 28620 --- [proyecto] [main] .s.d.r.c.RepositoryConfigurationDelegate : Finished Spring Data repository scanning in 48 ms. Found 1 JPA repository interface.
2026-09-23T22:06:11.072-07:00  INFO 28620 --- [proyecto] [main] org.hibernate.orm.jpa                    : HHH008540: Processing PersistenceUnitInfo [name: default]
2026-09-23T22:06:11.124-07:00  INFO 28620 --- [proyecto] [main] org.hibernate.orm.core                   : HHH000001: Hibernate ORM core version 7.4.5.Final
2026-09-23T22:06:11.343-07:00  INFO 28620 --- [proyecto] [main] o.s.o.j.p.SpringPersistenceUnitInfo      : No LoadTimeWeaver setup: ignoring JPA class transformer
2026-09-23T22:06:11.379-07:00  INFO 28620 --- [proyecto] [main] com.zaxxer.hikari.HikariDataSource       : HikariPool-1 - Starting...
2026-09-23T22:06:11.523-07:00  INFO 28620 --- [proyecto] [main] com.zaxxer.hikari.pool.HikariPool        : HikariPool-1 - Added connection org.postgresql.jdbc.PgConnection@3204146d
2026-09-23T22:06:11.524-07:00  INFO 28620 --- [proyecto] [main] com.zaxxer.hikari.HikariDataSource       : HikariPool-1 - Start completed.
2026-09-23T22:06:11.550-07:00  WARN 28620 --- [proyecto] [main] org.hibernate.orm.deprecation            : HHH90000025: PostgreSQLDialect does not need to be specified explicitly using 'hibernate.dialect' (remove the property setting and it will be selected by default)
2026-09-23T22:06:11.570-07:00  INFO 28620 --- [proyecto] [main] org.hibernate.orm.connections.pooling    : HHH10001005: Database info:
	Database JDBC URL [jdbc:postgresql://localhost:5432/postgres]
	Database driver: PostgreSQL JDBC Driver
	Database dialect: PostgreSQLDialect
	Database version: 18.4
	Default catalog/schema: postgres/public
	Autocommit mode: undefined/unknown
	Isolation level: READ_COMMITTED [default READ_COMMITTED]
	JDBC fetch size: none
	Pool: DataSourceConnectionProvider
	Minimum pool size: undefined/unknown
	Maximum pool size: undefined/unknown
2026-09-23T22:06:12.104-07:00  INFO 28620 --- [proyecto] [main] org.hibernate.orm.core                   : HHH000489: No JTA platform available (set 'hibernate.transaction.jta.platform' to enable JTA platform integration)
2026-09-23T22:06:12.156-07:00  INFO 28620 --- [proyecto] [main] j.LocalContainerEntityManagerFactoryBean : Initialized JPA EntityManagerFactory for persistence unit 'default'
2026-09-23T22:06:12.220-07:00  INFO 28620 --- [proyecto] [main] o.s.d.j.r.query.QueryEnhancerFactories   : Hibernate is in classpath; If applicable, HQL parser will be used.
2026-09-23T22:06:12.511-07:00  WARN 28620 --- [proyecto] [main] JpaBaseConfiguration$JpaWebConfiguration : spring.jpa.open-in-view is enabled by default. Therefore, database queries may be performed during view rendering. Explicitly configure spring.jpa.open-in-view to disable this warning
2026-09-23T22:06:12.896-07:00  INFO 28620 --- [proyecto] [main] com.banbajio.ProyectoApplicationTests    : Started ProyectoApplicationTests in 3.071 seconds (process running for 5.982)
2026-09-23T22:06:12.929-07:00  INFO 28620 --- [proyecto] [SpringApplicationShutdownHook] j.LocalContainerEntityManagerFactoryBean : Closing JPA EntityManagerFactory for persistence unit 'default'
2026-09-23T22:06:12.933-07:00  INFO 28620 --- [proyecto] [SpringApplicationShutdownHook] com.zaxxer.hikari.HikariDataSource       : HikariPool-1 - Shutdown initiated...
2026-09-23T22:06:12.937-07:00  INFO 28620 --- [proyecto] [SpringApplicationShutdownHook] com.zaxxer.hikari.HikariDataSource       : HikariPool-1 - Shutdown completed.
2026-09-23T22:09:18.040-07:00  INFO 28184 --- [proyecto] [File Watcher] rtingClassPathChangeChangedEventListener : Restarting due to 21 class path changes (0 additions, 21 deletions, 0 modifications)
2026-09-23T22:09:18.042-07:00  INFO 28184 --- [proyecto] [Thread-17] o.s.boot.tomcat.GracefulShutdown         : Commencing graceful shutdown. Waiting for active requests to complete
2026-09-23T22:09:18.050-07:00  INFO 28184 --- [proyecto] [tomcat-shutdown] o.s.boot.tomcat.GracefulShutdown         : Graceful shutdown complete
2026-09-23T22:09:18.052-07:00  INFO 28184 --- [proyecto] [Thread-17] j.LocalContainerEntityManagerFactoryBean : Closing JPA EntityManagerFactory for persistence unit 'default'
2026-09-23T22:09:18.053-07:00  INFO 28184 --- [proyecto] [Thread-17] com.zaxxer.hikari.HikariDataSource       : HikariPool-5 - Shutdown initiated...
2026-09-23T22:09:18.054-07:00  INFO 28184 --- [proyecto] [Thread-17] com.zaxxer.hikari.HikariDataSource       : HikariPool-5 - Shutdown completed.
2026-09-23T22:09:18.194-07:00  INFO 28184 --- [proyecto] [restartedMain] com.banbajio.ProyectoApplication         : Starting ProyectoApplication using Java 21.0.7 with PID 28184 (C:\Users\wero_\OneDrive\Escritorio\PRUEBA\proyecto\target\classes started by wero_ in C:\Users\wero_\OneDrive\Escritorio\PRUEBA\proyecto)
2026-09-23T22:09:18.195-07:00 DEBUG 28184 --- [proyecto] [restartedMain] com.banbajio.ProyectoApplication         : Running with Spring Boot v4.1.1, Spring v7.0.9
2026-09-23T22:09:18.195-07:00  INFO 28184 --- [proyecto] [restartedMain] com.banbajio.ProyectoApplication         : No active profile set, falling back to 1 default profile: "default"
2026-09-23T22:09:18.512-07:00  INFO 28184 --- [proyecto] [restartedMain] .s.d.r.c.RepositoryConfigurationDelegate : Bootstrapping Spring Data JPA repositories in DEFAULT mode.
2026-09-23T22:09:18.532-07:00  INFO 28184 --- [proyecto] [restartedMain] .s.d.r.c.RepositoryConfigurationDelegate : Finished Spring Data repository scanning in 16 ms. Found 0 JPA repository interfaces.
2026-09-23T22:09:18.640-07:00  INFO 28184 --- [proyecto] [restartedMain] o.s.boot.tomcat.TomcatWebServer          : Tomcat initialized with port 8080 (http)
2026-09-23T22:09:18.642-07:00  INFO 28184 --- [proyecto] [restartedMain] o.apache.catalina.core.StandardService   : Starting service [Tomcat]
2026-09-23T22:09:18.642-07:00  INFO 28184 --- [proyecto] [restartedMain] o.apache.catalina.core.StandardEngine    : Starting Servlet engine: [Apache Tomcat/11.0.24]
2026-09-23T22:09:18.687-07:00  INFO 28184 --- [proyecto] [restartedMain] b.w.c.s.WebApplicationContextInitializer : Root WebApplicationContext: initialization completed in 488 ms
2026-09-23T22:09:18.749-07:00  INFO 28184 --- [proyecto] [restartedMain] org.hibernate.orm.jpa                    : HHH008540: Processing PersistenceUnitInfo [name: default]
2026-09-23T22:09:18.834-07:00  INFO 28184 --- [proyecto] [restartedMain] o.s.o.j.p.SpringPersistenceUnitInfo      : No LoadTimeWeaver setup: ignoring JPA class transformer
2026-09-23T22:09:18.835-07:00  INFO 28184 --- [proyecto] [restartedMain] com.zaxxer.hikari.HikariDataSource       : HikariPool-6 - Starting...
2026-09-23T22:09:18.869-07:00  INFO 28184 --- [proyecto] [restartedMain] com.zaxxer.hikari.pool.HikariPool        : HikariPool-6 - Added connection org.postgresql.jdbc.PgConnection@5fdedd22
2026-09-23T22:09:18.870-07:00  INFO 28184 --- [proyecto] [restartedMain] com.zaxxer.hikari.HikariDataSource       : HikariPool-6 - Start completed.
2026-09-23T22:09:18.876-07:00  WARN 28184 --- [proyecto] [restartedMain] org.hibernate.orm.deprecation            : HHH90000025: PostgreSQLDialect does not need to be specified explicitly using 'hibernate.dialect' (remove the property setting and it will be selected by default)
2026-09-23T22:09:18.881-07:00  INFO 28184 --- [proyecto] [restartedMain] org.hibernate.orm.connections.pooling    : HHH10001005: Database info:
	Database JDBC URL [jdbc:postgresql://localhost:5432/postgres]
	Database driver: PostgreSQL JDBC Driver
	Database dialect: PostgreSQLDialect
	Database version: 18.4
	Default catalog/schema: postgres/public
	Autocommit mode: undefined/unknown
	Isolation level: READ_COMMITTED [default READ_COMMITTED]
	JDBC fetch size: none
	Pool: DataSourceConnectionProvider
	Minimum pool size: undefined/unknown
	Maximum pool size: undefined/unknown
2026-09-23T22:09:18.919-07:00  INFO 28184 --- [proyecto] [restartedMain] org.hibernate.orm.core                   : HHH000489: No JTA platform available (set 'hibernate.transaction.jta.platform' to enable JTA platform integration)
2026-09-23T22:09:18.941-07:00  INFO 28184 --- [proyecto] [restartedMain] j.LocalContainerEntityManagerFactoryBean : Initialized JPA EntityManagerFactory for persistence unit 'default'
2026-09-23T22:09:19.007-07:00  WARN 28184 --- [proyecto] [restartedMain] JpaBaseConfiguration$JpaWebConfiguration : spring.jpa.open-in-view is enabled by default. Therefore, database queries may be performed during view rendering. Explicitly configure spring.jpa.open-in-view to disable this warning
2026-09-23T22:09:19.131-07:00  INFO 28184 --- [proyecto] [restartedMain] o.s.boot.tomcat.TomcatWebServer          : Tomcat started on port 8080 (http) with context path '/'
2026-09-23T22:09:19.134-07:00  INFO 28184 --- [proyecto] [restartedMain] com.banbajio.ProyectoApplication         : Started ProyectoApplication in 0.998 seconds (process running for 717.738)
2026-09-23T22:09:19.136-07:00  INFO 28184 --- [proyecto] [restartedMain] .ConditionEvaluationDeltaLoggingListener : Condition evaluation unchanged
2026-09-23T22:09:20.574-07:00  INFO 28184 --- [proyecto] [File Watcher] rtingClassPathChangeChangedEventListener : Restarting due to 22 class path changes (22 additions, 0 deletions, 0 modifications)
2026-09-23T22:09:20.576-07:00  INFO 28184 --- [proyecto] [Thread-21] o.s.boot.tomcat.GracefulShutdown         : Commencing graceful shutdown. Waiting for active requests to complete
2026-09-23T22:09:20.585-07:00  INFO 28184 --- [proyecto] [tomcat-shutdown] o.s.boot.tomcat.GracefulShutdown         : Graceful shutdown complete
2026-09-23T22:09:20.587-07:00  INFO 28184 --- [proyecto] [Thread-21] j.LocalContainerEntityManagerFactoryBean : Closing JPA EntityManagerFactory for persistence unit 'default'
2026-09-23T22:09:20.587-07:00  INFO 28184 --- [proyecto] [Thread-21] com.zaxxer.hikari.HikariDataSource       : HikariPool-6 - Shutdown initiated...
2026-09-23T22:09:20.589-07:00  INFO 28184 --- [proyecto] [Thread-21] com.zaxxer.hikari.HikariDataSource       : HikariPool-6 - Shutdown completed.
2026-09-23T22:09:20.722-07:00  INFO 28184 --- [proyecto] [restartedMain] com.banbajio.ProyectoApplication         : Starting ProyectoApplication using Java 21.0.7 with PID 28184 (C:\Users\wero_\OneDrive\Escritorio\PRUEBA\proyecto\target\classes started by wero_ in C:\Users\wero_\OneDrive\Escritorio\PRUEBA\proyecto)
2026-09-23T22:09:20.722-07:00 DEBUG 28184 --- [proyecto] [restartedMain] com.banbajio.ProyectoApplication         : Running with Spring Boot v4.1.1, Spring v7.0.9
2026-09-23T22:09:20.722-07:00  INFO 28184 --- [proyecto] [restartedMain] com.banbajio.ProyectoApplication         : No active profile set, falling back to 1 default profile: "default"
2026-09-23T22:09:21.146-07:00  INFO 28184 --- [proyecto] [restartedMain] .s.d.r.c.RepositoryConfigurationDelegate : Bootstrapping Spring Data JPA repositories in DEFAULT mode.
2026-09-23T22:09:21.182-07:00  INFO 28184 --- [proyecto] [restartedMain] .s.d.r.c.RepositoryConfigurationDelegate : Finished Spring Data repository scanning in 33 ms. Found 1 JPA repository interface.
2026-09-23T22:09:21.358-07:00  INFO 28184 --- [proyecto] [restartedMain] o.s.boot.tomcat.TomcatWebServer          : Tomcat initialized with port 8080 (http)
2026-09-23T22:09:21.358-07:00  INFO 28184 --- [proyecto] [restartedMain] o.apache.catalina.core.StandardService   : Starting service [Tomcat]
2026-09-23T22:09:21.360-07:00  INFO 28184 --- [proyecto] [restartedMain] o.apache.catalina.core.StandardEngine    : Starting Servlet engine: [Apache Tomcat/11.0.24]
2026-09-23T22:09:21.416-07:00  INFO 28184 --- [proyecto] [restartedMain] b.w.c.s.WebApplicationContextInitializer : Root WebApplicationContext: initialization completed in 691 ms
2026-09-23T22:09:21.480-07:00  INFO 28184 --- [proyecto] [restartedMain] org.hibernate.orm.jpa                    : HHH008540: Processing PersistenceUnitInfo [name: default]
2026-09-23T22:09:21.565-07:00  INFO 28184 --- [proyecto] [restartedMain] o.s.o.j.p.SpringPersistenceUnitInfo      : No LoadTimeWeaver setup: ignoring JPA class transformer
2026-09-23T22:09:21.567-07:00  INFO 28184 --- [proyecto] [restartedMain] com.zaxxer.hikari.HikariDataSource       : HikariPool-7 - Starting...
2026-09-23T22:09:21.596-07:00  INFO 28184 --- [proyecto] [restartedMain] com.zaxxer.hikari.pool.HikariPool        : HikariPool-7 - Added connection org.postgresql.jdbc.PgConnection@4d34b09d
2026-09-23T22:09:21.596-07:00  INFO 28184 --- [proyecto] [restartedMain] com.zaxxer.hikari.HikariDataSource       : HikariPool-7 - Start completed.
2026-09-23T22:09:21.601-07:00  WARN 28184 --- [proyecto] [restartedMain] org.hibernate.orm.deprecation            : HHH90000025: PostgreSQLDialect does not need to be specified explicitly using 'hibernate.dialect' (remove the property setting and it will be selected by default)
2026-09-23T22:09:21.607-07:00  INFO 28184 --- [proyecto] [restartedMain] org.hibernate.orm.connections.pooling    : HHH10001005: Database info:
	Database JDBC URL [jdbc:postgresql://localhost:5432/postgres]
	Database driver: PostgreSQL JDBC Driver
	Database dialect: PostgreSQLDialect
	Database version: 18.4
	Default catalog/schema: postgres/public
	Autocommit mode: undefined/unknown
	Isolation level: READ_COMMITTED [default READ_COMMITTED]
	JDBC fetch size: none
	Pool: DataSourceConnectionProvider
	Minimum pool size: undefined/unknown
	Maximum pool size: undefined/unknown
2026-09-23T22:09:21.686-07:00  INFO 28184 --- [proyecto] [restartedMain] org.hibernate.orm.core                   : HHH000489: No JTA platform available (set 'hibernate.transaction.jta.platform' to enable JTA platform integration)
2026-09-23T22:09:21.706-07:00  INFO 28184 --- [proyecto] [restartedMain] j.LocalContainerEntityManagerFactoryBean : Initialized JPA EntityManagerFactory for persistence unit 'default'
2026-09-23T22:09:21.832-07:00  WARN 28184 --- [proyecto] [restartedMain] JpaBaseConfiguration$JpaWebConfiguration : spring.jpa.open-in-view is enabled by default. Therefore, database queries may be performed during view rendering. Explicitly configure spring.jpa.open-in-view to disable this warning
2026-09-23T22:09:21.974-07:00  INFO 28184 --- [proyecto] [restartedMain] o.s.boot.tomcat.TomcatWebServer          : Tomcat started on port 8080 (http) with context path '/'
2026-09-23T22:09:21.977-07:00  INFO 28184 --- [proyecto] [restartedMain] com.banbajio.ProyectoApplication         : Started ProyectoApplication in 1.307 seconds (process running for 720.581)
2026-09-23T22:09:21.979-07:00  INFO 28184 --- [proyecto] [restartedMain] .ConditionEvaluationDeltaLoggingListener : Condition evaluation unchanged
2026-09-23T22:09:24.011-07:00  INFO 5020 --- [proyecto] [main] com.banbajio.ProyectoApplicationTests    : Starting ProyectoApplicationTests using Java 21.0.7 with PID 5020 (started by wero_ in C:\Users\wero_\OneDrive\Escritorio\PRUEBA\proyecto)
2026-09-23T22:09:24.012-07:00 DEBUG 5020 --- [proyecto] [main] com.banbajio.ProyectoApplicationTests    : Running with Spring Boot v4.1.1, Spring v7.0.9
2026-09-23T22:09:24.012-07:00  INFO 5020 --- [proyecto] [main] com.banbajio.ProyectoApplicationTests    : No active profile set, falling back to 1 default profile: "default"
2026-09-23T22:09:24.605-07:00  INFO 5020 --- [proyecto] [main] .s.d.r.c.RepositoryConfigurationDelegate : Bootstrapping Spring Data JPA repositories in DEFAULT mode.
2026-09-23T22:09:24.656-07:00  INFO 5020 --- [proyecto] [main] .s.d.r.c.RepositoryConfigurationDelegate : Finished Spring Data repository scanning in 42 ms. Found 1 JPA repository interface.
2026-09-23T22:09:25.087-07:00  INFO 5020 --- [proyecto] [main] org.hibernate.orm.jpa                    : HHH008540: Processing PersistenceUnitInfo [name: default]
2026-09-23T22:09:25.170-07:00  INFO 5020 --- [proyecto] [main] org.hibernate.orm.core                   : HHH000001: Hibernate ORM core version 7.4.5.Final
2026-09-23T22:09:25.382-07:00  INFO 5020 --- [proyecto] [main] o.s.o.j.p.SpringPersistenceUnitInfo      : No LoadTimeWeaver setup: ignoring JPA class transformer
2026-09-23T22:09:25.407-07:00  INFO 5020 --- [proyecto] [main] com.zaxxer.hikari.HikariDataSource       : HikariPool-1 - Starting...
2026-09-23T22:09:25.541-07:00  INFO 5020 --- [proyecto] [main] com.zaxxer.hikari.pool.HikariPool        : HikariPool-1 - Added connection org.postgresql.jdbc.PgConnection@6ae1d5f1
2026-09-23T22:09:25.542-07:00  INFO 5020 --- [proyecto] [main] com.zaxxer.hikari.HikariDataSource       : HikariPool-1 - Start completed.
2026-09-23T22:09:25.565-07:00  WARN 5020 --- [proyecto] [main] org.hibernate.orm.deprecation            : HHH90000025: PostgreSQLDialect does not need to be specified explicitly using 'hibernate.dialect' (remove the property setting and it will be selected by default)
2026-09-23T22:09:25.585-07:00  INFO 5020 --- [proyecto] [main] org.hibernate.orm.connections.pooling    : HHH10001005: Database info:
	Database JDBC URL [jdbc:postgresql://localhost:5432/postgres]
	Database driver: PostgreSQL JDBC Driver
	Database dialect: PostgreSQLDialect
	Database version: 18.4
	Default catalog/schema: postgres/public
	Autocommit mode: undefined/unknown
	Isolation level: READ_COMMITTED [default READ_COMMITTED]
	JDBC fetch size: none
	Pool: DataSourceConnectionProvider
	Minimum pool size: undefined/unknown
	Maximum pool size: undefined/unknown
2026-09-23T22:09:26.143-07:00  INFO 5020 --- [proyecto] [main] org.hibernate.orm.core                   : HHH000489: No JTA platform available (set 'hibernate.transaction.jta.platform' to enable JTA platform integration)
2026-09-23T22:09:26.191-07:00  INFO 5020 --- [proyecto] [main] j.LocalContainerEntityManagerFactoryBean : Initialized JPA EntityManagerFactory for persistence unit 'default'
2026-09-23T22:09:26.244-07:00  INFO 5020 --- [proyecto] [main] o.s.d.j.r.query.QueryEnhancerFactories   : Hibernate is in classpath; If applicable, HQL parser will be used.
2026-09-23T22:09:26.419-07:00  WARN 5020 --- [proyecto] [main] JpaBaseConfiguration$JpaWebConfiguration : spring.jpa.open-in-view is enabled by default. Therefore, database queries may be performed during view rendering. Explicitly configure spring.jpa.open-in-view to disable this warning
2026-09-23T22:09:26.769-07:00  INFO 5020 --- [proyecto] [main] com.banbajio.ProyectoApplicationTests    : Started ProyectoApplicationTests in 3.055 seconds (process running for 6.011)
2026-09-23T22:09:26.800-07:00  INFO 5020 --- [proyecto] [SpringApplicationShutdownHook] j.LocalContainerEntityManagerFactoryBean : Closing JPA EntityManagerFactory for persistence unit 'default'
2026-09-23T22:09:26.805-07:00  INFO 5020 --- [proyecto] [SpringApplicationShutdownHook] com.zaxxer.hikari.HikariDataSource       : HikariPool-1 - Shutdown initiated...
2026-09-23T22:09:26.808-07:00  INFO 5020 --- [proyecto] [SpringApplicationShutdownHook] com.zaxxer.hikari.HikariDataSource       : HikariPool-1 - Shutdown completed.
2026-09-23T22:09:57.464-07:00  INFO 28184 --- [proyecto] [http-nio-8080-exec-1] o.a.c.c.C.[Tomcat].[localhost].[/]       : Initializing Spring DispatcherServlet 'dispatcherServlet'
2026-09-23T22:09:57.464-07:00  INFO 28184 --- [proyecto] [http-nio-8080-exec-1] o.s.web.servlet.DispatcherServlet        : Initializing Servlet 'dispatcherServlet'
2026-09-23T22:09:57.466-07:00  INFO 28184 --- [proyecto] [http-nio-8080-exec-1] o.s.web.servlet.DispatcherServlet        : Completed initialization in 2 ms
2026-09-23T22:09:58.011-07:00  INFO 28184 --- [proyecto] [http-nio-8080-exec-10] o.springdoc.api.AbstractOpenApiResource  : Init duration for springdoc-openapi is: 463 ms
2026-09-23T22:11:08.948-07:00  INFO 28184 --- [proyecto] [File Watcher] rtingClassPathChangeChangedEventListener : Restarting due to 3 class path changes (0 additions, 0 deletions, 3 modifications)
2026-09-23T22:11:08.950-07:00  INFO 28184 --- [proyecto] [Thread-25] o.s.boot.tomcat.GracefulShutdown         : Commencing graceful shutdown. Waiting for active requests to complete
2026-09-23T22:11:08.952-07:00  INFO 28184 --- [proyecto] [tomcat-shutdown] o.s.boot.tomcat.GracefulShutdown         : Graceful shutdown complete
2026-09-23T22:11:08.953-07:00  INFO 28184 --- [proyecto] [Thread-25] j.LocalContainerEntityManagerFactoryBean : Closing JPA EntityManagerFactory for persistence unit 'default'
2026-09-23T22:11:08.955-07:00  INFO 28184 --- [proyecto] [Thread-25] com.zaxxer.hikari.HikariDataSource       : HikariPool-7 - Shutdown initiated...
2026-09-23T22:11:08.956-07:00  INFO 28184 --- [proyecto] [Thread-25] com.zaxxer.hikari.HikariDataSource       : HikariPool-7 - Shutdown completed.
2026-09-23T22:11:09.028-07:00  INFO 28184 --- [proyecto] [restartedMain] com.banbajio.ProyectoApplication         : Starting ProyectoApplication using Java 21.0.7 with PID 28184 (C:\Users\wero_\OneDrive\Escritorio\PRUEBA\proyecto\target\classes started by wero_ in C:\Users\wero_\OneDrive\Escritorio\PRUEBA\proyecto)
2026-09-23T22:11:09.028-07:00 DEBUG 28184 --- [proyecto] [restartedMain] com.banbajio.ProyectoApplication         : Running with Spring Boot v4.1.1, Spring v7.0.9
2026-09-23T22:11:09.028-07:00  INFO 28184 --- [proyecto] [restartedMain] com.banbajio.ProyectoApplication         : No active profile set, falling back to 1 default profile: "default"
2026-09-23T22:11:09.135-07:00  INFO 28184 --- [proyecto] [restartedMain] .s.d.r.c.RepositoryConfigurationDelegate : Bootstrapping Spring Data JPA repositories in DEFAULT mode.
2026-09-23T22:11:09.146-07:00  INFO 28184 --- [proyecto] [restartedMain] .s.d.r.c.RepositoryConfigurationDelegate : Finished Spring Data repository scanning in 9 ms. Found 1 JPA repository interface.
2026-09-23T22:11:09.187-07:00  INFO 28184 --- [proyecto] [restartedMain] o.s.boot.tomcat.TomcatWebServer          : Tomcat initialized with port 8080 (http)
2026-09-23T22:11:09.187-07:00  INFO 28184 --- [proyecto] [restartedMain] o.apache.catalina.core.StandardService   : Starting service [Tomcat]
2026-09-23T22:11:09.188-07:00  INFO 28184 --- [proyecto] [restartedMain] o.apache.catalina.core.StandardEngine    : Starting Servlet engine: [Apache Tomcat/11.0.24]
2026-09-23T22:11:09.202-07:00  INFO 28184 --- [proyecto] [restartedMain] b.w.c.s.WebApplicationContextInitializer : Root WebApplicationContext: initialization completed in 172 ms
2026-09-23T22:11:09.221-07:00  INFO 28184 --- [proyecto] [restartedMain] org.hibernate.orm.jpa                    : HHH008540: Processing PersistenceUnitInfo [name: default]
2026-09-23T22:11:09.242-07:00  INFO 28184 --- [proyecto] [restartedMain] o.s.o.j.p.SpringPersistenceUnitInfo      : No LoadTimeWeaver setup: ignoring JPA class transformer
2026-09-23T22:11:09.242-07:00  INFO 28184 --- [proyecto] [restartedMain] com.zaxxer.hikari.HikariDataSource       : HikariPool-8 - Starting...
2026-09-23T22:11:09.268-07:00  INFO 28184 --- [proyecto] [restartedMain] com.zaxxer.hikari.pool.HikariPool        : HikariPool-8 - Added connection org.postgresql.jdbc.PgConnection@5362c4aa
2026-09-23T22:11:09.268-07:00  INFO 28184 --- [proyecto] [restartedMain] com.zaxxer.hikari.HikariDataSource       : HikariPool-8 - Start completed.
2026-09-23T22:11:09.272-07:00  WARN 28184 --- [proyecto] [restartedMain] org.hibernate.orm.deprecation            : HHH90000025: PostgreSQLDialect does not need to be specified explicitly using 'hibernate.dialect' (remove the property setting and it will be selected by default)
2026-09-23T22:11:09.278-07:00  INFO 28184 --- [proyecto] [restartedMain] org.hibernate.orm.connections.pooling    : HHH10001005: Database info:
	Database JDBC URL [jdbc:postgresql://localhost:5432/postgres]
	Database driver: PostgreSQL JDBC Driver
	Database dialect: PostgreSQLDialect
	Database version: 18.4
	Default catalog/schema: postgres/public
	Autocommit mode: undefined/unknown
	Isolation level: READ_COMMITTED [default READ_COMMITTED]
	JDBC fetch size: none
	Pool: DataSourceConnectionProvider
	Minimum pool size: undefined/unknown
	Maximum pool size: undefined/unknown
2026-09-23T22:11:09.306-07:00  INFO 28184 --- [proyecto] [restartedMain] org.hibernate.orm.core                   : HHH000489: No JTA platform available (set 'hibernate.transaction.jta.platform' to enable JTA platform integration)
2026-09-23T22:11:09.320-07:00  INFO 28184 --- [proyecto] [restartedMain] j.LocalContainerEntityManagerFactoryBean : Initialized JPA EntityManagerFactory for persistence unit 'default'
2026-09-23T22:11:09.360-07:00  WARN 28184 --- [proyecto] [restartedMain] JpaBaseConfiguration$JpaWebConfiguration : spring.jpa.open-in-view is enabled by default. Therefore, database queries may be performed during view rendering. Explicitly configure spring.jpa.open-in-view to disable this warning
2026-09-23T22:11:09.421-07:00  INFO 28184 --- [proyecto] [restartedMain] o.s.boot.tomcat.TomcatWebServer          : Tomcat started on port 8080 (http) with context path '/'
2026-09-23T22:11:09.424-07:00  INFO 28184 --- [proyecto] [restartedMain] com.banbajio.ProyectoApplication         : Started ProyectoApplication in 0.433 seconds (process running for 828.028)
2026-09-23T22:11:09.425-07:00  INFO 28184 --- [proyecto] [restartedMain] .ConditionEvaluationDeltaLoggingListener : Condition evaluation unchanged
2026-09-23T22:11:11.272-07:00  INFO 9748 --- [proyecto] [restartedMain] com.banbajio.ProyectoApplication         : Starting ProyectoApplication using Java 21.0.7 with PID 9748 (C:\Users\wero_\OneDrive\Escritorio\PRUEBA\proyecto\target\classes started by wero_ in C:\Users\wero_\OneDrive\Escritorio\PRUEBA\proyecto)
2026-09-23T22:11:11.275-07:00 DEBUG 9748 --- [proyecto] [restartedMain] com.banbajio.ProyectoApplication         : Running with Spring Boot v4.1.1, Spring v7.0.9
2026-09-23T22:11:11.275-07:00  INFO 9748 --- [proyecto] [restartedMain] com.banbajio.ProyectoApplication         : No active profile set, falling back to 1 default profile: "default"
2026-09-23T22:11:11.328-07:00  INFO 9748 --- [proyecto] [restartedMain] .e.DevToolsPropertyDefaultsPostProcessor : Devtools property defaults active! Set 'spring.devtools.add-properties' to 'false' to disable
2026-09-23T22:11:11.328-07:00  INFO 9748 --- [proyecto] [restartedMain] .e.DevToolsPropertyDefaultsPostProcessor : For additional web related logging consider setting the 'logging.level.web' property to 'DEBUG'
2026-09-23T22:11:12.280-07:00  INFO 9748 --- [proyecto] [restartedMain] .s.d.r.c.RepositoryConfigurationDelegate : Bootstrapping Spring Data JPA repositories in DEFAULT mode.
2026-09-23T22:11:12.341-07:00  INFO 9748 --- [proyecto] [restartedMain] .s.d.r.c.RepositoryConfigurationDelegate : Finished Spring Data repository scanning in 51 ms. Found 1 JPA repository interface.
2026-09-23T22:11:13.064-07:00  INFO 9748 --- [proyecto] [restartedMain] o.s.boot.tomcat.TomcatWebServer          : Tomcat initialized with port 8080 (http)
2026-09-23T22:11:13.089-07:00  INFO 9748 --- [proyecto] [restartedMain] o.apache.catalina.core.StandardService   : Starting service [Tomcat]
2026-09-23T22:11:13.089-07:00  INFO 9748 --- [proyecto] [restartedMain] o.apache.catalina.core.StandardEngine    : Starting Servlet engine: [Apache Tomcat/11.0.24]
2026-09-23T22:11:13.141-07:00  INFO 9748 --- [proyecto] [restartedMain] b.w.c.s.WebApplicationContextInitializer : Root WebApplicationContext: initialization completed in 1812 ms
2026-09-23T22:11:13.417-07:00  INFO 9748 --- [proyecto] [restartedMain] org.hibernate.orm.jpa                    : HHH008540: Processing PersistenceUnitInfo [name: default]
2026-09-23T22:11:13.494-07:00  INFO 9748 --- [proyecto] [restartedMain] org.hibernate.orm.core                   : HHH000001: Hibernate ORM core version 7.4.5.Final
2026-09-23T22:11:13.921-07:00  INFO 9748 --- [proyecto] [restartedMain] o.s.o.j.p.SpringPersistenceUnitInfo      : No LoadTimeWeaver setup: ignoring JPA class transformer
2026-09-23T22:11:13.945-07:00  INFO 9748 --- [proyecto] [restartedMain] com.zaxxer.hikari.HikariDataSource       : HikariPool-1 - Starting...
2026-09-23T22:11:14.096-07:00  INFO 9748 --- [proyecto] [restartedMain] com.zaxxer.hikari.pool.HikariPool        : HikariPool-1 - Added connection org.postgresql.jdbc.PgConnection@4b7945eb
2026-09-23T22:11:14.097-07:00  INFO 9748 --- [proyecto] [restartedMain] com.zaxxer.hikari.HikariDataSource       : HikariPool-1 - Start completed.
2026-09-23T22:11:14.124-07:00  WARN 9748 --- [proyecto] [restartedMain] org.hibernate.orm.deprecation            : HHH90000025: PostgreSQLDialect does not need to be specified explicitly using 'hibernate.dialect' (remove the property setting and it will be selected by default)
2026-09-23T22:11:14.144-07:00  INFO 9748 --- [proyecto] [restartedMain] org.hibernate.orm.connections.pooling    : HHH10001005: Database info:
	Database JDBC URL [jdbc:postgresql://localhost:5432/postgres]
	Database driver: PostgreSQL JDBC Driver
	Database dialect: PostgreSQLDialect
	Database version: 18.4
	Default catalog/schema: postgres/public
	Autocommit mode: undefined/unknown
	Isolation level: READ_COMMITTED [default READ_COMMITTED]
	JDBC fetch size: none
	Pool: DataSourceConnectionProvider
	Minimum pool size: undefined/unknown
	Maximum pool size: undefined/unknown
2026-09-23T22:11:14.822-07:00  INFO 9748 --- [proyecto] [restartedMain] org.hibernate.orm.core                   : HHH000489: No JTA platform available (set 'hibernate.transaction.jta.platform' to enable JTA platform integration)
2026-09-23T22:11:14.875-07:00  INFO 9748 --- [proyecto] [restartedMain] j.LocalContainerEntityManagerFactoryBean : Initialized JPA EntityManagerFactory for persistence unit 'default'
2026-09-23T22:11:14.960-07:00  INFO 9748 --- [proyecto] [restartedMain] o.s.d.j.r.query.QueryEnhancerFactories   : Hibernate is in classpath; If applicable, HQL parser will be used.
2026-09-23T22:11:15.205-07:00  WARN 9748 --- [proyecto] [restartedMain] JpaBaseConfiguration$JpaWebConfiguration : spring.jpa.open-in-view is enabled by default. Therefore, database queries may be performed during view rendering. Explicitly configure spring.jpa.open-in-view to disable this warning
2026-09-23T22:11:15.730-07:00  INFO 9748 --- [proyecto] [restartedMain] o.s.boot.tomcat.TomcatWebServer          : Tomcat started on port 8080 (http) with context path '/'
2026-09-23T22:11:15.739-07:00  INFO 9748 --- [proyecto] [restartedMain] com.banbajio.ProyectoApplication         : Started ProyectoApplication in 4.965 seconds (process running for 5.481)
2026-09-23T22:14:22.171-07:00  INFO 9748 --- [proyecto] [http-nio-8080-exec-4] o.a.c.c.C.[Tomcat].[localhost].[/]       : Initializing Spring DispatcherServlet 'dispatcherServlet'
2026-09-23T22:14:22.172-07:00  INFO 9748 --- [proyecto] [http-nio-8080-exec-4] o.s.web.servlet.DispatcherServlet        : Initializing Servlet 'dispatcherServlet'
2026-09-23T22:14:22.175-07:00  INFO 9748 --- [proyecto] [http-nio-8080-exec-4] o.s.web.servlet.DispatcherServlet        : Completed initialization in 3 ms
2026-09-23T22:14:22.222-07:00 ERROR 9748 --- [proyecto] [http-nio-8080-exec-4] c.b.i.a.i.w.e.GlobalExceptionHandler     : Excepción no controlada detectada: Request method 'POST' is not supported

org.springframework.web.HttpRequestMethodNotSupportedException: Request method 'POST' is not supported
	at org.springframework.web.servlet.mvc.method.RequestMappingInfoHandlerMapping.handleNoMatch(RequestMappingInfoHandlerMapping.java:260) ~[spring-webmvc-7.0.9.jar:7.0.9]
	at org.springframework.web.servlet.handler.AbstractHandlerMethodMapping.lookupHandlerMethod(AbstractHandlerMethodMapping.java:432) ~[spring-webmvc-7.0.9.jar:7.0.9]
	at org.springframework.web.servlet.handler.AbstractHandlerMethodMapping.getHandlerInternal(AbstractHandlerMethodMapping.java:376) ~[spring-webmvc-7.0.9.jar:7.0.9]
	at org.springframework.web.servlet.mvc.method.RequestMappingInfoHandlerMapping.getHandlerInternal(RequestMappingInfoHandlerMapping.java:116) ~[spring-webmvc-7.0.9.jar:7.0.9]
	at org.springframework.web.servlet.mvc.method.RequestMappingInfoHandlerMapping.getHandlerInternal(RequestMappingInfoHandlerMapping.java:68) ~[spring-webmvc-7.0.9.jar:7.0.9]
	at org.springframework.web.servlet.handler.AbstractHandlerMapping.getHandler(AbstractHandlerMapping.java:544) ~[spring-webmvc-7.0.9.jar:7.0.9]
	at org.springframework.web.servlet.DispatcherServlet.getHandler(DispatcherServlet.java:1157) ~[spring-webmvc-7.0.9.jar:7.0.9]
	at org.springframework.web.servlet.DispatcherServlet.doDispatch(DispatcherServlet.java:951) ~[spring-webmvc-7.0.9.jar:7.0.9]
	at org.springframework.web.servlet.DispatcherServlet.doService(DispatcherServlet.java:866) ~[spring-webmvc-7.0.9.jar:7.0.9]
	at org.springframework.web.servlet.FrameworkServlet.processRequest(FrameworkServlet.java:1000) ~[spring-webmvc-7.0.9.jar:7.0.9]
	at org.springframework.web.servlet.FrameworkServlet.doPost(FrameworkServlet.java:903) ~[spring-webmvc-7.0.9.jar:7.0.9]
	at jakarta.servlet.http.HttpServlet.service(HttpServlet.java:649) ~[tomcat-embed-core-11.0.24.jar:6.1]
	at org.springframework.web.servlet.FrameworkServlet.service(FrameworkServlet.java:874) ~[spring-webmvc-7.0.9.jar:7.0.9]
	at jakarta.servlet.http.HttpServlet.service(HttpServlet.java:710) ~[tomcat-embed-core-11.0.24.jar:6.1]
	at org.apache.catalina.core.ApplicationFilterChain.doFilter(ApplicationFilterChain.java:132) ~[tomcat-embed-core-11.0.24.jar:11.0.24]
	at org.apache.tomcat.websocket.server.WsFilter.doFilter(WsFilter.java:59) ~[tomcat-embed-websocket-11.0.24.jar:11.0.24]
	at org.apache.catalina.core.ApplicationFilterChain.doFilter(ApplicationFilterChain.java:111) ~[tomcat-embed-core-11.0.24.jar:11.0.24]
	at org.springframework.web.filter.RequestContextFilter.doFilterInternal(RequestContextFilter.java:100) ~[spring-web-7.0.9.jar:7.0.9]
	at org.springframework.web.filter.OncePerRequestFilter.doFilter(OncePerRequestFilter.java:116) ~[spring-web-7.0.9.jar:7.0.9]
	at org.apache.catalina.core.ApplicationFilterChain.doFilter(ApplicationFilterChain.java:111) ~[tomcat-embed-core-11.0.24.jar:11.0.24]
	at org.springframework.web.filter.FormContentFilter.doFilterInternal(FormContentFilter.java:93) ~[spring-web-7.0.9.jar:7.0.9]
	at org.springframework.web.filter.OncePerRequestFilter.doFilter(OncePerRequestFilter.java:116) ~[spring-web-7.0.9.jar:7.0.9]
	at org.apache.catalina.core.ApplicationFilterChain.doFilter(ApplicationFilterChain.java:111) ~[tomcat-embed-core-11.0.24.jar:11.0.24]
	at org.springframework.web.filter.CharacterEncodingFilter.doFilterInternal(CharacterEncodingFilter.java:199) ~[spring-web-7.0.9.jar:7.0.9]
	at org.springframework.web.filter.OncePerRequestFilter.doFilter(OncePerRequestFilter.java:116) ~[spring-web-7.0.9.jar:7.0.9]
	at org.apache.catalina.core.ApplicationFilterChain.doFilter(ApplicationFilterChain.java:111) ~[tomcat-embed-core-11.0.24.jar:11.0.24]
	at org.apache.catalina.core.StandardWrapperValve.invoke(StandardWrapperValve.java:165) ~[tomcat-embed-core-11.0.24.jar:11.0.24]
	at org.apache.catalina.core.StandardContextValve.invoke(StandardContextValve.java:77) ~[tomcat-embed-core-11.0.24.jar:11.0.24]
	at org.apache.catalina.authenticator.AuthenticatorBase.invoke(AuthenticatorBase.java:535) ~[tomcat-embed-core-11.0.24.jar:11.0.24]
	at org.apache.catalina.core.StandardHostValve.invoke(StandardHostValve.java:115) ~[tomcat-embed-core-11.0.24.jar:11.0.24]
	at org.apache.catalina.valves.ErrorReportValve.invoke(ErrorReportValve.java:86) ~[tomcat-embed-core-11.0.24.jar:11.0.24]
	at org.apache.catalina.core.StandardEngineValve.invoke(StandardEngineValve.java:71) ~[tomcat-embed-core-11.0.24.jar:11.0.24]
	at org.apache.catalina.connector.CoyoteAdapter.service(CoyoteAdapter.java:347) ~[tomcat-embed-core-11.0.24.jar:11.0.24]
	at org.apache.coyote.http11.Http11Processor.service(Http11Processor.java:406) ~[tomcat-embed-core-11.0.24.jar:11.0.24]
	at org.apache.coyote.AbstractProcessorLight.process(AbstractProcessorLight.java:71) ~[tomcat-embed-core-11.0.24.jar:11.0.24]
	at org.apache.coyote.AbstractProtocol$ConnectionHandler.process(AbstractProtocol.java:1307) ~[tomcat-embed-core-11.0.24.jar:11.0.24]
	at org.apache.tomcat.util.net.NioEndpoint$SocketProcessor.doRun(NioEndpoint.java:2036) ~[tomcat-embed-core-11.0.24.jar:11.0.24]
	at org.apache.tomcat.util.net.SocketProcessorBase.run(SocketProcessorBase.java:74) ~[tomcat-embed-core-11.0.24.jar:11.0.24]
	at org.apache.tomcat.util.threads.ThreadPoolExecutor.runWorker(ThreadPoolExecutor.java:949) ~[tomcat-embed-core-11.0.24.jar:11.0.24]
	at org.apache.tomcat.util.threads.ThreadPoolExecutor$Worker.run(ThreadPoolExecutor.java:483) ~[tomcat-embed-core-11.0.24.jar:11.0.24]
	at org.apache.tomcat.util.threads.TaskThread$WrappingRunnable.run(TaskThread.java:74) ~[tomcat-embed-core-11.0.24.jar:11.0.24]
	at java.base/java.lang.Thread.run(Thread.java:1583) ~[na:na]

2026-09-23T22:14:22.377-07:00  WARN 9748 --- [proyecto] [http-nio-8080-exec-4] .m.m.a.ExceptionHandlerExceptionResolver : Resolved [org.springframework.web.HttpRequestMethodNotSupportedException: Request method 'POST' is not supported]
2026-09-23T22:14:28.829-07:00 ERROR 9748 --- [proyecto] [http-nio-8080-exec-2] c.b.i.a.i.w.e.GlobalExceptionHandler     : Excepción no controlada detectada: Request method 'POST' is not supported

org.springframework.web.HttpRequestMethodNotSupportedException: Request method 'POST' is not supported
	at org.springframework.web.servlet.mvc.method.RequestMappingInfoHandlerMapping.handleNoMatch(RequestMappingInfoHandlerMapping.java:260) ~[spring-webmvc-7.0.9.jar:7.0.9]
	at org.springframework.web.servlet.handler.AbstractHandlerMethodMapping.lookupHandlerMethod(AbstractHandlerMethodMapping.java:432) ~[spring-webmvc-7.0.9.jar:7.0.9]
	at org.springframework.web.servlet.handler.AbstractHandlerMethodMapping.getHandlerInternal(AbstractHandlerMethodMapping.java:376) ~[spring-webmvc-7.0.9.jar:7.0.9]
	at org.springframework.web.servlet.mvc.method.RequestMappingInfoHandlerMapping.getHandlerInternal(RequestMappingInfoHandlerMapping.java:116) ~[spring-webmvc-7.0.9.jar:7.0.9]
	at org.springframework.web.servlet.mvc.method.RequestMappingInfoHandlerMapping.getHandlerInternal(RequestMappingInfoHandlerMapping.java:68) ~[spring-webmvc-7.0.9.jar:7.0.9]
	at org.springframework.web.servlet.handler.AbstractHandlerMapping.getHandler(AbstractHandlerMapping.java:544) ~[spring-webmvc-7.0.9.jar:7.0.9]
	at org.springframework.web.servlet.DispatcherServlet.getHandler(DispatcherServlet.java:1157) ~[spring-webmvc-7.0.9.jar:7.0.9]
	at org.springframework.web.servlet.DispatcherServlet.doDispatch(DispatcherServlet.java:951) ~[spring-webmvc-7.0.9.jar:7.0.9]
	at org.springframework.web.servlet.DispatcherServlet.doService(DispatcherServlet.java:866) ~[spring-webmvc-7.0.9.jar:7.0.9]
	at org.springframework.web.servlet.FrameworkServlet.processRequest(FrameworkServlet.java:1000) ~[spring-webmvc-7.0.9.jar:7.0.9]
	at org.springframework.web.servlet.FrameworkServlet.doPost(FrameworkServlet.java:903) ~[spring-webmvc-7.0.9.jar:7.0.9]
	at jakarta.servlet.http.HttpServlet.service(HttpServlet.java:649) ~[tomcat-embed-core-11.0.24.jar:6.1]
	at org.springframework.web.servlet.FrameworkServlet.service(FrameworkServlet.java:874) ~[spring-webmvc-7.0.9.jar:7.0.9]
	at jakarta.servlet.http.HttpServlet.service(HttpServlet.java:710) ~[tomcat-embed-core-11.0.24.jar:6.1]
	at org.apache.catalina.core.ApplicationFilterChain.doFilter(ApplicationFilterChain.java:132) ~[tomcat-embed-core-11.0.24.jar:11.0.24]
	at org.apache.tomcat.websocket.server.WsFilter.doFilter(WsFilter.java:59) ~[tomcat-embed-websocket-11.0.24.jar:11.0.24]
	at org.apache.catalina.core.ApplicationFilterChain.doFilter(ApplicationFilterChain.java:111) ~[tomcat-embed-core-11.0.24.jar:11.0.24]
	at org.springframework.web.filter.RequestContextFilter.doFilterInternal(RequestContextFilter.java:100) ~[spring-web-7.0.9.jar:7.0.9]
	at org.springframework.web.filter.OncePerRequestFilter.doFilter(OncePerRequestFilter.java:116) ~[spring-web-7.0.9.jar:7.0.9]
	at org.apache.catalina.core.ApplicationFilterChain.doFilter(ApplicationFilterChain.java:111) ~[tomcat-embed-core-11.0.24.jar:11.0.24]
	at org.springframework.web.filter.FormContentFilter.doFilterInternal(FormContentFilter.java:93) ~[spring-web-7.0.9.jar:7.0.9]
	at org.springframework.web.filter.OncePerRequestFilter.doFilter(OncePerRequestFilter.java:116) ~[spring-web-7.0.9.jar:7.0.9]
	at org.apache.catalina.core.ApplicationFilterChain.doFilter(ApplicationFilterChain.java:111) ~[tomcat-embed-core-11.0.24.jar:11.0.24]
	at org.springframework.web.filter.CharacterEncodingFilter.doFilterInternal(CharacterEncodingFilter.java:199) ~[spring-web-7.0.9.jar:7.0.9]
	at org.springframework.web.filter.OncePerRequestFilter.doFilter(OncePerRequestFilter.java:116) ~[spring-web-7.0.9.jar:7.0.9]
	at org.apache.catalina.core.ApplicationFilterChain.doFilter(ApplicationFilterChain.java:111) ~[tomcat-embed-core-11.0.24.jar:11.0.24]
	at org.apache.catalina.core.StandardWrapperValve.invoke(StandardWrapperValve.java:165) ~[tomcat-embed-core-11.0.24.jar:11.0.24]
	at org.apache.catalina.core.StandardContextValve.invoke(StandardContextValve.java:77) ~[tomcat-embed-core-11.0.24.jar:11.0.24]
	at org.apache.catalina.authenticator.AuthenticatorBase.invoke(AuthenticatorBase.java:535) ~[tomcat-embed-core-11.0.24.jar:11.0.24]
	at org.apache.catalina.core.StandardHostValve.invoke(StandardHostValve.java:115) ~[tomcat-embed-core-11.0.24.jar:11.0.24]
	at org.apache.catalina.valves.ErrorReportValve.invoke(ErrorReportValve.java:86) ~[tomcat-embed-core-11.0.24.jar:11.0.24]
	at org.apache.catalina.core.StandardEngineValve.invoke(StandardEngineValve.java:71) ~[tomcat-embed-core-11.0.24.jar:11.0.24]
	at org.apache.catalina.connector.CoyoteAdapter.service(CoyoteAdapter.java:347) ~[tomcat-embed-core-11.0.24.jar:11.0.24]
	at org.apache.coyote.http11.Http11Processor.service(Http11Processor.java:406) ~[tomcat-embed-core-11.0.24.jar:11.0.24]
	at org.apache.coyote.AbstractProcessorLight.process(AbstractProcessorLight.java:71) ~[tomcat-embed-core-11.0.24.jar:11.0.24]
	at org.apache.coyote.AbstractProtocol$ConnectionHandler.process(AbstractProtocol.java:1307) ~[tomcat-embed-core-11.0.24.jar:11.0.24]
	at org.apache.tomcat.util.net.NioEndpoint$SocketProcessor.doRun(NioEndpoint.java:2036) ~[tomcat-embed-core-11.0.24.jar:11.0.24]
	at org.apache.tomcat.util.net.SocketProcessorBase.run(SocketProcessorBase.java:74) ~[tomcat-embed-core-11.0.24.jar:11.0.24]
	at org.apache.tomcat.util.threads.ThreadPoolExecutor.runWorker(ThreadPoolExecutor.java:949) ~[tomcat-embed-core-11.0.24.jar:11.0.24]
	at org.apache.tomcat.util.threads.ThreadPoolExecutor$Worker.run(ThreadPoolExecutor.java:483) ~[tomcat-embed-core-11.0.24.jar:11.0.24]
	at org.apache.tomcat.util.threads.TaskThread$WrappingRunnable.run(TaskThread.java:74) ~[tomcat-embed-core-11.0.24.jar:11.0.24]
	at java.base/java.lang.Thread.run(Thread.java:1583) ~[na:na]

2026-09-23T22:14:28.849-07:00  WARN 9748 --- [proyecto] [http-nio-8080-exec-2] .m.m.a.ExceptionHandlerExceptionResolver : Resolved [org.springframework.web.HttpRequestMethodNotSupportedException: Request method 'POST' is not supported]
2026-09-23T22:14:34.236-07:00 ERROR 9748 --- [proyecto] [http-nio-8080-exec-8] c.b.i.a.i.w.e.GlobalExceptionHandler     : Excepción no controlada detectada: No static resource api/personas for request '/api/personas/'.

org.springframework.web.servlet.resource.NoResourceFoundException: No static resource api/personas for request '/api/personas/'.
	at org.springframework.web.servlet.resource.ResourceHttpRequestHandler.handleRequest(ResourceHttpRequestHandler.java:527) ~[spring-webmvc-7.0.9.jar:7.0.9]
	at org.springframework.web.servlet.mvc.HttpRequestHandlerAdapter.handle(HttpRequestHandlerAdapter.java:50) ~[spring-webmvc-7.0.9.jar:7.0.9]
	at org.springframework.web.servlet.DispatcherServlet.doDispatch(DispatcherServlet.java:963) ~[spring-webmvc-7.0.9.jar:7.0.9]
	at org.springframework.web.servlet.DispatcherServlet.doService(DispatcherServlet.java:866) ~[spring-webmvc-7.0.9.jar:7.0.9]
	at org.springframework.web.servlet.FrameworkServlet.processRequest(FrameworkServlet.java:1000) ~[spring-webmvc-7.0.9.jar:7.0.9]
	at org.springframework.web.servlet.FrameworkServlet.doPost(FrameworkServlet.java:903) ~[spring-webmvc-7.0.9.jar:7.0.9]
	at jakarta.servlet.http.HttpServlet.service(HttpServlet.java:649) ~[tomcat-embed-core-11.0.24.jar:6.1]
	at org.springframework.web.servlet.FrameworkServlet.service(FrameworkServlet.java:874) ~[spring-webmvc-7.0.9.jar:7.0.9]
	at jakarta.servlet.http.HttpServlet.service(HttpServlet.java:710) ~[tomcat-embed-core-11.0.24.jar:6.1]
	at org.apache.catalina.core.ApplicationFilterChain.doFilter(ApplicationFilterChain.java:132) ~[tomcat-embed-core-11.0.24.jar:11.0.24]
	at org.apache.tomcat.websocket.server.WsFilter.doFilter(WsFilter.java:59) ~[tomcat-embed-websocket-11.0.24.jar:11.0.24]
	at org.apache.catalina.core.ApplicationFilterChain.doFilter(ApplicationFilterChain.java:111) ~[tomcat-embed-core-11.0.24.jar:11.0.24]
	at org.springframework.web.filter.RequestContextFilter.doFilterInternal(RequestContextFilter.java:100) ~[spring-web-7.0.9.jar:7.0.9]
	at org.springframework.web.filter.OncePerRequestFilter.doFilter(OncePerRequestFilter.java:116) ~[spring-web-7.0.9.jar:7.0.9]
	at org.apache.catalina.core.ApplicationFilterChain.doFilter(ApplicationFilterChain.java:111) ~[tomcat-embed-core-11.0.24.jar:11.0.24]
	at org.springframework.web.filter.FormContentFilter.doFilterInternal(FormContentFilter.java:93) ~[spring-web-7.0.9.jar:7.0.9]
	at org.springframework.web.filter.OncePerRequestFilter.doFilter(OncePerRequestFilter.java:116) ~[spring-web-7.0.9.jar:7.0.9]
	at org.apache.catalina.core.ApplicationFilterChain.doFilter(ApplicationFilterChain.java:111) ~[tomcat-embed-core-11.0.24.jar:11.0.24]
	at org.springframework.web.filter.CharacterEncodingFilter.doFilterInternal(CharacterEncodingFilter.java:199) ~[spring-web-7.0.9.jar:7.0.9]
	at org.springframework.web.filter.OncePerRequestFilter.doFilter(OncePerRequestFilter.java:116) ~[spring-web-7.0.9.jar:7.0.9]
	at org.apache.catalina.core.ApplicationFilterChain.doFilter(ApplicationFilterChain.java:111) ~[tomcat-embed-core-11.0.24.jar:11.0.24]
	at org.apache.catalina.core.StandardWrapperValve.invoke(StandardWrapperValve.java:165) ~[tomcat-embed-core-11.0.24.jar:11.0.24]
	at org.apache.catalina.core.StandardContextValve.invoke(StandardContextValve.java:77) ~[tomcat-embed-core-11.0.24.jar:11.0.24]
	at org.apache.catalina.authenticator.AuthenticatorBase.invoke(AuthenticatorBase.java:535) ~[tomcat-embed-core-11.0.24.jar:11.0.24]
	at org.apache.catalina.core.StandardHostValve.invoke(StandardHostValve.java:115) ~[tomcat-embed-core-11.0.24.jar:11.0.24]
	at org.apache.catalina.valves.ErrorReportValve.invoke(ErrorReportValve.java:86) ~[tomcat-embed-core-11.0.24.jar:11.0.24]
	at org.apache.catalina.core.StandardEngineValve.invoke(StandardEngineValve.java:71) ~[tomcat-embed-core-11.0.24.jar:11.0.24]
	at org.apache.catalina.connector.CoyoteAdapter.service(CoyoteAdapter.java:347) ~[tomcat-embed-core-11.0.24.jar:11.0.24]
	at org.apache.coyote.http11.Http11Processor.service(Http11Processor.java:406) ~[tomcat-embed-core-11.0.24.jar:11.0.24]
	at org.apache.coyote.AbstractProcessorLight.process(AbstractProcessorLight.java:71) ~[tomcat-embed-core-11.0.24.jar:11.0.24]
	at org.apache.coyote.AbstractProtocol$ConnectionHandler.process(AbstractProtocol.java:1307) ~[tomcat-embed-core-11.0.24.jar:11.0.24]
	at org.apache.tomcat.util.net.NioEndpoint$SocketProcessor.doRun(NioEndpoint.java:2036) ~[tomcat-embed-core-11.0.24.jar:11.0.24]
	at org.apache.tomcat.util.net.SocketProcessorBase.run(SocketProcessorBase.java:74) ~[tomcat-embed-core-11.0.24.jar:11.0.24]
	at org.apache.tomcat.util.threads.ThreadPoolExecutor.runWorker(ThreadPoolExecutor.java:949) ~[tomcat-embed-core-11.0.24.jar:11.0.24]
	at org.apache.tomcat.util.threads.ThreadPoolExecutor$Worker.run(ThreadPoolExecutor.java:483) ~[tomcat-embed-core-11.0.24.jar:11.0.24]
	at org.apache.tomcat.util.threads.TaskThread$WrappingRunnable.run(TaskThread.java:74) ~[tomcat-embed-core-11.0.24.jar:11.0.24]
	at java.base/java.lang.Thread.run(Thread.java:1583) ~[na:na]

2026-09-23T22:14:34.240-07:00  WARN 9748 --- [proyecto] [http-nio-8080-exec-8] .m.m.a.ExceptionHandlerExceptionResolver : Resolved [org.springframework.web.servlet.resource.NoResourceFoundException: No static resource api/personas for request '/api/personas/'.]
2026-09-23T22:15:14.374-07:00 DEBUG 9748 --- [proyecto] [http-nio-8080-exec-10] org.hibernate.SQL                        : insert into persona (apellido,edad,nombre) values (?,?,?)
2026-09-23T22:15:20.038-07:00 DEBUG 9748 --- [proyecto] [http-nio-8080-exec-9] org.hibernate.SQL                        : insert into persona (apellido,edad,nombre) values (?,?,?)
2026-09-23T22:15:21.564-07:00 DEBUG 9748 --- [proyecto] [http-nio-8080-exec-6] org.hibernate.SQL                        : insert into persona (apellido,edad,nombre) values (?,?,?)
2026-09-23T22:16:08.564-07:00 DEBUG 9748 --- [proyecto] [http-nio-8080-exec-1] org.hibernate.SQL                        : select pe1_0.id,pe1_0.apellido,pe1_0.edad,pe1_0.nombre from persona pe1_0 where pe1_0.id=?
2026-09-23T22:16:08.619-07:00 DEBUG 9748 --- [proyecto] [http-nio-8080-exec-1] org.hibernate.SQL                        : update persona set apellido=?,edad=?,nombre=? where id=?
2026-09-23T22:16:32.464-07:00 DEBUG 9748 --- [proyecto] [http-nio-8080-exec-4] org.hibernate.SQL                        : select count(*) from persona pe1_0 where pe1_0.id=?
2026-09-23T22:16:32.472-07:00 DEBUG 9748 --- [proyecto] [http-nio-8080-exec-4] org.hibernate.SQL                        : select pe1_0.id,pe1_0.apellido,pe1_0.edad,pe1_0.nombre from persona pe1_0 where pe1_0.id=?
2026-09-23T22:16:32.484-07:00 DEBUG 9748 --- [proyecto] [http-nio-8080-exec-4] org.hibernate.SQL                        : delete from persona where id=?
2026-09-23T22:22:24.557-07:00  INFO 26464 --- [proyecto] [restartedMain] com.banbajio.ProyectoApplication         : Starting ProyectoApplication using Java 21.0.7 with PID 26464 (C:\Users\wero_\OneDrive\Escritorio\PRUEBA\proyecto\target\classes started by wero_ in C:\Users\wero_\OneDrive\Escritorio\PRUEBA\proyecto)
2026-09-23T22:22:24.561-07:00 DEBUG 26464 --- [proyecto] [restartedMain] com.banbajio.ProyectoApplication         : Running with Spring Boot v4.1.1, Spring v7.0.9
2026-09-23T22:22:24.562-07:00  INFO 26464 --- [proyecto] [restartedMain] com.banbajio.ProyectoApplication         : No active profile set, falling back to 1 default profile: "default"
2026-09-23T22:22:24.601-07:00  INFO 26464 --- [proyecto] [restartedMain] .e.DevToolsPropertyDefaultsPostProcessor : Devtools property defaults active! Set 'spring.devtools.add-properties' to 'false' to disable
2026-09-23T22:22:24.601-07:00  INFO 26464 --- [proyecto] [restartedMain] .e.DevToolsPropertyDefaultsPostProcessor : For additional web related logging consider setting the 'logging.level.web' property to 'DEBUG'
2026-09-23T22:22:25.197-07:00  INFO 26464 --- [proyecto] [restartedMain] .s.d.r.c.RepositoryConfigurationDelegate : Bootstrapping Spring Data JPA repositories in DEFAULT mode.
2026-09-23T22:22:25.240-07:00  INFO 26464 --- [proyecto] [restartedMain] .s.d.r.c.RepositoryConfigurationDelegate : Finished Spring Data repository scanning in 38 ms. Found 1 JPA repository interface.
2026-09-23T22:22:25.922-07:00  INFO 26464 --- [proyecto] [restartedMain] o.s.boot.tomcat.TomcatWebServer          : Tomcat initialized with port 8080 (http)
2026-09-23T22:22:25.945-07:00  INFO 26464 --- [proyecto] [restartedMain] o.apache.catalina.core.StandardService   : Starting service [Tomcat]
2026-09-23T22:22:25.946-07:00  INFO 26464 --- [proyecto] [restartedMain] o.apache.catalina.core.StandardEngine    : Starting Servlet engine: [Apache Tomcat/11.0.24]
2026-09-23T22:22:25.992-07:00  INFO 26464 --- [proyecto] [restartedMain] b.w.c.s.WebApplicationContextInitializer : Root WebApplicationContext: initialization completed in 1390 ms
2026-09-23T22:22:26.197-07:00  INFO 26464 --- [proyecto] [restartedMain] org.hibernate.orm.jpa                    : HHH008540: Processing PersistenceUnitInfo [name: default]
2026-09-23T22:22:26.242-07:00  INFO 26464 --- [proyecto] [restartedMain] org.hibernate.orm.core                   : HHH000001: Hibernate ORM core version 7.4.5.Final
2026-09-23T22:22:26.510-07:00  INFO 26464 --- [proyecto] [restartedMain] o.s.o.j.p.SpringPersistenceUnitInfo      : No LoadTimeWeaver setup: ignoring JPA class transformer
2026-09-23T22:22:26.529-07:00  INFO 26464 --- [proyecto] [restartedMain] com.zaxxer.hikari.HikariDataSource       : HikariPool-1 - Starting...
2026-09-23T22:22:26.657-07:00  INFO 26464 --- [proyecto] [restartedMain] com.zaxxer.hikari.pool.HikariPool        : HikariPool-1 - Added connection org.postgresql.jdbc.PgConnection@600a8797
2026-09-23T22:22:26.658-07:00  INFO 26464 --- [proyecto] [restartedMain] com.zaxxer.hikari.HikariDataSource       : HikariPool-1 - Start completed.
2026-09-23T22:22:26.682-07:00  WARN 26464 --- [proyecto] [restartedMain] org.hibernate.orm.deprecation            : HHH90000025: PostgreSQLDialect does not need to be specified explicitly using 'hibernate.dialect' (remove the property setting and it will be selected by default)
2026-09-23T22:22:26.699-07:00  INFO 26464 --- [proyecto] [restartedMain] org.hibernate.orm.connections.pooling    : HHH10001005: Database info:
	Database JDBC URL [jdbc:postgresql://localhost:5432/postgres]
	Database driver: PostgreSQL JDBC Driver
	Database dialect: PostgreSQLDialect
	Database version: 18.4
	Default catalog/schema: postgres/public
	Autocommit mode: undefined/unknown
	Isolation level: READ_COMMITTED [default READ_COMMITTED]
	JDBC fetch size: none
	Pool: DataSourceConnectionProvider
	Minimum pool size: undefined/unknown
	Maximum pool size: undefined/unknown
2026-09-23T22:22:27.289-07:00  INFO 26464 --- [proyecto] [restartedMain] org.hibernate.orm.core                   : HHH000489: No JTA platform available (set 'hibernate.transaction.jta.platform' to enable JTA platform integration)
2026-09-23T22:22:27.339-07:00  INFO 26464 --- [proyecto] [restartedMain] j.LocalContainerEntityManagerFactoryBean : Initialized JPA EntityManagerFactory for persistence unit 'default'
2026-09-23T22:22:27.409-07:00  INFO 26464 --- [proyecto] [restartedMain] o.s.d.j.r.query.QueryEnhancerFactories   : Hibernate is in classpath; If applicable, HQL parser will be used.
2026-09-23T22:22:27.574-07:00  WARN 26464 --- [proyecto] [restartedMain] JpaBaseConfiguration$JpaWebConfiguration : spring.jpa.open-in-view is enabled by default. Therefore, database queries may be performed during view rendering. Explicitly configure spring.jpa.open-in-view to disable this warning
2026-09-23T22:22:27.941-07:00  INFO 26464 --- [proyecto] [restartedMain] o.s.boot.tomcat.TomcatWebServer          : Tomcat started on port 8080 (http) with context path '/'
2026-09-23T22:22:27.945-07:00  INFO 26464 --- [proyecto] [restartedMain] com.banbajio.ProyectoApplication         : Started ProyectoApplication in 3.796 seconds (process running for 4.152)
2026-09-23T22:23:41.692-07:00  INFO 26464 --- [proyecto] [File Watcher] rtingClassPathChangeChangedEventListener : Restarting due to 1 class path change (0 additions, 0 deletions, 1 modification)
2026-09-23T22:23:41.699-07:00  INFO 26464 --- [proyecto] [Thread-1] o.s.boot.tomcat.GracefulShutdown         : Commencing graceful shutdown. Waiting for active requests to complete
2026-09-23T22:23:41.706-07:00  INFO 26464 --- [proyecto] [tomcat-shutdown] o.s.boot.tomcat.GracefulShutdown         : Graceful shutdown complete
2026-09-23T22:23:41.709-07:00  INFO 26464 --- [proyecto] [Thread-1] j.LocalContainerEntityManagerFactoryBean : Closing JPA EntityManagerFactory for persistence unit 'default'
2026-09-23T22:23:41.712-07:00  INFO 26464 --- [proyecto] [Thread-1] com.zaxxer.hikari.HikariDataSource       : HikariPool-1 - Shutdown initiated...
2026-09-23T22:23:41.714-07:00  INFO 26464 --- [proyecto] [Thread-1] com.zaxxer.hikari.HikariDataSource       : HikariPool-1 - Shutdown completed.
2026-09-23T22:23:41.774-07:00  INFO 26464 --- [proyecto] [restartedMain] com.banbajio.ProyectoApplication         : Starting ProyectoApplication using Java 21.0.7 with PID 26464 (C:\Users\wero_\OneDrive\Escritorio\PRUEBA\proyecto\target\classes started by wero_ in C:\Users\wero_\OneDrive\Escritorio\PRUEBA\proyecto)
2026-09-23T22:23:41.775-07:00 DEBUG 26464 --- [proyecto] [restartedMain] com.banbajio.ProyectoApplication         : Running with Spring Boot v4.1.1, Spring v7.0.9
2026-09-23T22:23:41.775-07:00  INFO 26464 --- [proyecto] [restartedMain] com.banbajio.ProyectoApplication         : No active profile set, falling back to 1 default profile: "default"
2026-09-23T22:23:41.902-07:00  INFO 26464 --- [proyecto] [restartedMain] .s.d.r.c.RepositoryConfigurationDelegate : Bootstrapping Spring Data JPA repositories in DEFAULT mode.
2026-09-23T22:23:41.916-07:00  INFO 26464 --- [proyecto] [restartedMain] .s.d.r.c.RepositoryConfigurationDelegate : Finished Spring Data repository scanning in 12 ms. Found 1 JPA repository interface.
2026-09-23T22:23:41.974-07:00  INFO 26464 --- [proyecto] [restartedMain] o.s.boot.tomcat.TomcatWebServer          : Tomcat initialized with port 8080 (http)
2026-09-23T22:23:41.975-07:00  INFO 26464 --- [proyecto] [restartedMain] o.apache.catalina.core.StandardService   : Starting service [Tomcat]
2026-09-23T22:23:41.975-07:00  INFO 26464 --- [proyecto] [restartedMain] o.apache.catalina.core.StandardEngine    : Starting Servlet engine: [Apache Tomcat/11.0.24]
2026-09-23T22:23:41.993-07:00  INFO 26464 --- [proyecto] [restartedMain] b.w.c.s.WebApplicationContextInitializer : Root WebApplicationContext: initialization completed in 217 ms
2026-09-23T22:23:42.016-07:00  INFO 26464 --- [proyecto] [restartedMain] org.hibernate.orm.jpa                    : HHH008540: Processing PersistenceUnitInfo [name: default]
2026-09-23T22:23:42.034-07:00  INFO 26464 --- [proyecto] [restartedMain] o.s.o.j.p.SpringPersistenceUnitInfo      : No LoadTimeWeaver setup: ignoring JPA class transformer
2026-09-23T22:23:42.034-07:00  INFO 26464 --- [proyecto] [restartedMain] com.zaxxer.hikari.HikariDataSource       : HikariPool-2 - Starting...
2026-09-23T22:23:42.061-07:00  INFO 26464 --- [proyecto] [restartedMain] com.zaxxer.hikari.pool.HikariPool        : HikariPool-2 - Added connection org.postgresql.jdbc.PgConnection@1550ee94
2026-09-23T22:23:42.061-07:00  INFO 26464 --- [proyecto] [restartedMain] com.zaxxer.hikari.HikariDataSource       : HikariPool-2 - Start completed.
2026-09-23T22:23:42.065-07:00  WARN 26464 --- [proyecto] [restartedMain] org.hibernate.orm.deprecation            : HHH90000025: PostgreSQLDialect does not need to be specified explicitly using 'hibernate.dialect' (remove the property setting and it will be selected by default)
2026-09-23T22:23:42.070-07:00  INFO 26464 --- [proyecto] [restartedMain] org.hibernate.orm.connections.pooling    : HHH10001005: Database info:
	Database JDBC URL [jdbc:postgresql://localhost:5432/postgres]
	Database driver: PostgreSQL JDBC Driver
	Database dialect: PostgreSQLDialect
	Database version: 18.4
	Default catalog/schema: postgres/public
	Autocommit mode: undefined/unknown
	Isolation level: READ_COMMITTED [default READ_COMMITTED]
	JDBC fetch size: none
	Pool: DataSourceConnectionProvider
	Minimum pool size: undefined/unknown
	Maximum pool size: undefined/unknown
2026-09-23T22:23:42.111-07:00  INFO 26464 --- [proyecto] [restartedMain] org.hibernate.orm.core                   : HHH000489: No JTA platform available (set 'hibernate.transaction.jta.platform' to enable JTA platform integration)
2026-09-23T22:23:42.114-07:00 DEBUG 26464 --- [proyecto] [restartedMain] org.hibernate.SQL                        : set client_min_messages = WARNING
2026-09-23T22:23:42.114-07:00 DEBUG 26464 --- [proyecto] [restartedMain] org.hibernate.SQL                        : drop table if exists persona cascade
2026-09-23T22:23:42.122-07:00 DEBUG 26464 --- [proyecto] [restartedMain] org.hibernate.SQL                        : create table persona (edad integer not null, id bigint generated by default as identity, apellido varchar(100) not null, nombre varchar(100) not null, primary key (id))
2026-09-23T22:23:42.130-07:00  INFO 26464 --- [proyecto] [restartedMain] j.LocalContainerEntityManagerFactoryBean : Initialized JPA EntityManagerFactory for persistence unit 'default'
2026-09-23T22:23:42.177-07:00  WARN 26464 --- [proyecto] [restartedMain] JpaBaseConfiguration$JpaWebConfiguration : spring.jpa.open-in-view is enabled by default. Therefore, database queries may be performed during view rendering. Explicitly configure spring.jpa.open-in-view to disable this warning
2026-09-23T22:23:42.232-07:00  INFO 26464 --- [proyecto] [restartedMain] o.s.boot.tomcat.TomcatWebServer          : Tomcat started on port 8080 (http) with context path '/'
2026-09-23T22:23:42.235-07:00  INFO 26464 --- [proyecto] [restartedMain] com.banbajio.ProyectoApplication         : Started ProyectoApplication in 0.478 seconds (process running for 78.442)
2026-09-23T22:23:42.236-07:00  INFO 26464 --- [proyecto] [restartedMain] .ConditionEvaluationDeltaLoggingListener : Condition evaluation unchanged
2026-09-23T22:23:57.140-07:00  INFO 26464 --- [proyecto] [File Watcher] rtingClassPathChangeChangedEventListener : Restarting due to 1 class path change (0 additions, 0 deletions, 1 modification)
2026-09-23T22:23:57.141-07:00  INFO 26464 --- [proyecto] [Thread-5] o.s.boot.tomcat.GracefulShutdown         : Commencing graceful shutdown. Waiting for active requests to complete
2026-09-23T22:23:57.144-07:00  INFO 26464 --- [proyecto] [tomcat-shutdown] o.s.boot.tomcat.GracefulShutdown         : Graceful shutdown complete
2026-09-23T22:23:57.146-07:00  INFO 26464 --- [proyecto] [Thread-5] j.LocalContainerEntityManagerFactoryBean : Closing JPA EntityManagerFactory for persistence unit 'default'
2026-09-23T22:23:57.146-07:00 DEBUG 26464 --- [proyecto] [Thread-5] org.hibernate.SQL                        : set client_min_messages = WARNING
2026-09-23T22:23:57.147-07:00 DEBUG 26464 --- [proyecto] [Thread-5] org.hibernate.SQL                        : drop table if exists persona cascade
2026-09-23T22:23:57.152-07:00  INFO 26464 --- [proyecto] [Thread-5] com.zaxxer.hikari.HikariDataSource       : HikariPool-2 - Shutdown initiated...
2026-09-23T22:23:57.153-07:00  INFO 26464 --- [proyecto] [Thread-5] com.zaxxer.hikari.HikariDataSource       : HikariPool-2 - Shutdown completed.
2026-09-23T22:23:57.201-07:00  INFO 26464 --- [proyecto] [restartedMain] com.banbajio.ProyectoApplication         : Starting ProyectoApplication using Java 21.0.7 with PID 26464 (C:\Users\wero_\OneDrive\Escritorio\PRUEBA\proyecto\target\classes started by wero_ in C:\Users\wero_\OneDrive\Escritorio\PRUEBA\proyecto)
2026-09-23T22:23:57.201-07:00 DEBUG 26464 --- [proyecto] [restartedMain] com.banbajio.ProyectoApplication         : Running with Spring Boot v4.1.1, Spring v7.0.9
2026-09-23T22:23:57.201-07:00  INFO 26464 --- [proyecto] [restartedMain] com.banbajio.ProyectoApplication         : No active profile set, falling back to 1 default profile: "default"
2026-09-23T22:23:57.307-07:00  INFO 26464 --- [proyecto] [restartedMain] .s.d.r.c.RepositoryConfigurationDelegate : Bootstrapping Spring Data JPA repositories in DEFAULT mode.
2026-09-23T22:23:57.318-07:00  INFO 26464 --- [proyecto] [restartedMain] .s.d.r.c.RepositoryConfigurationDelegate : Finished Spring Data repository scanning in 10 ms. Found 1 JPA repository interface.
2026-09-23T22:23:57.365-07:00  INFO 26464 --- [proyecto] [restartedMain] o.s.boot.tomcat.TomcatWebServer          : Tomcat initialized with port 8080 (http)
2026-09-23T22:23:57.366-07:00  INFO 26464 --- [proyecto] [restartedMain] o.apache.catalina.core.StandardService   : Starting service [Tomcat]
2026-09-23T22:23:57.366-07:00  INFO 26464 --- [proyecto] [restartedMain] o.apache.catalina.core.StandardEngine    : Starting Servlet engine: [Apache Tomcat/11.0.24]
2026-09-23T22:23:57.381-07:00  INFO 26464 --- [proyecto] [restartedMain] b.w.c.s.WebApplicationContextInitializer : Root WebApplicationContext: initialization completed in 179 ms
2026-09-23T22:23:57.404-07:00  INFO 26464 --- [proyecto] [restartedMain] org.hibernate.orm.jpa                    : HHH008540: Processing PersistenceUnitInfo [name: default]
2026-09-23T22:23:57.460-07:00  INFO 26464 --- [proyecto] [restartedMain] o.s.o.j.p.SpringPersistenceUnitInfo      : No LoadTimeWeaver setup: ignoring JPA class transformer
2026-09-23T22:23:57.462-07:00  INFO 26464 --- [proyecto] [restartedMain] com.zaxxer.hikari.HikariDataSource       : HikariPool-3 - Starting...
2026-09-23T22:23:57.492-07:00  INFO 26464 --- [proyecto] [restartedMain] com.zaxxer.hikari.pool.HikariPool        : HikariPool-3 - Added connection org.postgresql.jdbc.PgConnection@71cf91b2
2026-09-23T22:23:57.497-07:00  INFO 26464 --- [proyecto] [restartedMain] com.zaxxer.hikari.HikariDataSource       : HikariPool-3 - Start completed.
2026-09-23T22:23:57.504-07:00  WARN 26464 --- [proyecto] [restartedMain] org.hibernate.orm.deprecation            : HHH90000025: PostgreSQLDialect does not need to be specified explicitly using 'hibernate.dialect' (remove the property setting and it will be selected by default)
2026-09-23T22:23:57.510-07:00  INFO 26464 --- [proyecto] [restartedMain] org.hibernate.orm.connections.pooling    : HHH10001005: Database info:
	Database JDBC URL [jdbc:postgresql://localhost:5432/postgres]
	Database driver: PostgreSQL JDBC Driver
	Database dialect: PostgreSQLDialect
	Database version: 18.4
	Default catalog/schema: postgres/public
	Autocommit mode: undefined/unknown
	Isolation level: READ_COMMITTED [default READ_COMMITTED]
	JDBC fetch size: none
	Pool: DataSourceConnectionProvider
	Minimum pool size: undefined/unknown
	Maximum pool size: undefined/unknown
2026-09-23T22:23:57.653-07:00  INFO 26464 --- [proyecto] [restartedMain] org.hibernate.orm.core                   : HHH000489: No JTA platform available (set 'hibernate.transaction.jta.platform' to enable JTA platform integration)
2026-09-23T22:23:57.678-07:00 DEBUG 26464 --- [proyecto] [restartedMain] org.hibernate.SQL                        : create table persona (id bigint generated by default as identity, apellido varchar(100) not null, edad integer not null, nombre varchar(100) not null, primary key (id))
2026-09-23T22:23:57.683-07:00  INFO 26464 --- [proyecto] [restartedMain] j.LocalContainerEntityManagerFactoryBean : Initialized JPA EntityManagerFactory for persistence unit 'default'
2026-09-23T22:23:57.876-07:00  WARN 26464 --- [proyecto] [restartedMain] JpaBaseConfiguration$JpaWebConfiguration : spring.jpa.open-in-view is enabled by default. Therefore, database queries may be performed during view rendering. Explicitly configure spring.jpa.open-in-view to disable this warning
2026-09-23T22:23:57.992-07:00  INFO 26464 --- [proyecto] [restartedMain] o.s.boot.tomcat.TomcatWebServer          : Tomcat started on port 8080 (http) with context path '/'
2026-09-23T22:23:57.994-07:00  INFO 26464 --- [proyecto] [restartedMain] com.banbajio.ProyectoApplication         : Started ProyectoApplication in 0.81 seconds (process running for 94.201)
2026-09-23T22:23:57.994-07:00  INFO 26464 --- [proyecto] [restartedMain] .ConditionEvaluationDeltaLoggingListener : Condition evaluation unchanged
